nhs_number,first_name,last_name,email,birthday,gender,city,sys,dia,overweight
1065288050,Jessie,Babber,jbabber0@gov.uk,7/12/1963,Male,Edimburgh,111,66,false
9766063338,Freddy,Mc Gaughey,fmcgaughey1@zdnet.com,7/1/1958,Female,Cardiff,136,102,true
2736300912,Patric,Brimblecomb,pbrimblecomb2@techcrunch.com,4/4/1944,Male,Dublin,96,113,true
9516453678,Vonnie,Charlon,vcharlon3@gravatar.com,6/8/1946,Female,Cardiff,174,119,false
3904851349,Ninette,Vineall,nvineall4@networkadvertising.org,1/5/1962,Female,London,137,106,true
6509757796,Wilt,Dudman,wdudman5@drupal.org,5/22/1942,Male,Cardiff,151,75,false
,Morty,Ingledow,mingledow6@go.com,1/11/1964,,Dublin,143,72,true
3002885460,Selestina,How,show7@house.gov,5/4/1941,Female,Dublin,162,110,true
3101218098,Yale,Dunwoody,ydunwoody8@dot.gov,5/9/1970,Male,Dublin,183,95,false
1347970509,Branden,Sealeaf,bsealeaf9@usda.gov,,Male,Cardiff,154,61,false
3296821481,Tracy,Leftridge,tleftridgea@unicef.org,3/23/1963,Male,Edimburgh,171,104,false
5067065575,Michale,Danielli,mdaniellib@instagram.com,11/3/1963,Male,London,98,88,true
4520629233,Gaultiero,Yuryichev,gyuryichevc@java.com,8/29/1972,Male,Dublin,139,70,false
5859830459,Courtney,Darlasson,cdarlassond@simplemachines.org,7/14/1979,Female,Dublin,79,111,true
0810883562,Purcell,Coldicott,pcoldicotte@spotify.com,2/12/1946,Male,Dublin,78,112,false
5081927562,Bert,Cluett,bcluettf@reference.com,1/5/1970,Male,London,77,115,true
9983236427,Gino,Leacock,gleacockg@intel.com,5/16/1945,Male,Edimburgh,80,93,true
4678360948,Pail,Matovic,pmatovich@purevolume.com,1/25/1977,Male,London,182,85,false
2223841147,Elane,Capini,ecapinii@weebly.com,9/24/1948,Female,London,147,112,true
7451511820,Kimberli,Davitashvili,kdavitashvilij@princeton.edu,10/8/1954,Female,Dublin,80,98,false
9527871247,Pembroke,Whithorn,pwhithornk@uol.com.br,1/11/1958,Male,Dublin,105,109,false
9393285721,Sarge,Pashby,spashbyl@va.gov,1/9/1971,Male,Dublin,113,92,false
0472610961,Lelia,Josilowski,ljosilowskim@google.cn,4/4/1967,Female,Cardiff,136,73,false
6197727595,Emlyn,Duxbarry,eduxbarryn@chron.com,3/26/1971,,Cardiff,88,92,true
5764958954,Wolfie,de Banke,wdebankeo@sitemeter.com,3/8/1954,Male,London,134,114,true
6789867651,Marne,Trusse,mtrussep@dailymotion.com,12/11/1965,Female,Cardiff,100,108,true
6984713048,Leland,Blennerhassett,lblennerhassettq@edublogs.org,2/12/1967,Male,Cardiff,157,90,true
5063898815,Nadean,Wyett,nwyettr@aboutads.info,1/14/1967,Female,Dublin,187,63,true
8335103488,Engelbert,Kestian,ekestians@archive.org,2/9/1951,Male,Edimburgh,84,114,false
2931049948,Pooh,Custed,pcustedt@godaddy.com,9/15/1975,,London,89,66,true
0130273007,Ario,Alennikov,aalennikovu@foxnews.com,8/17/1973,Male,Dublin,79,99,
2439476285,Penny,Urry,purryv@yahoo.com,2/11/1965,Male,Dublin,110,113,true
2637661070,Eleonore,Burchett,eburchettw@vk.com,3/14/1941,Female,London,114,60,false
9628691716,Elnore,Blundin,eblundinx@last.fm,11/8/1951,Female,London,108,81,false
1847067050,Coletta,Halsall,chalsally@google.fr,9/5/1971,Female,Cardiff,174,101,true
9553665179,Rayna,Shenton,rshentonz@opera.com,4/14/1949,Female,Cardiff,116,98,true
4131413477,Farrell,McNee,fmcnee10@google.fr,1/16/1979,Male,Dublin,125,113,false
1965272509,Mara,Gomer,mgomer11@statcounter.com,7/31/1954,Female,Edimburgh,78,99,true
5945445703,Rosemary,Sneyd,rsneyd12@discovery.com,12/17/1965,Female,Edimburgh,146,91,false
2504251203,Gerry,Ziemecki,gziemecki13@webs.com,10/6/1966,Male,Dublin,124,97,
4666367993,Sibyl,Mackinder,smackinder14@weibo.com,2/3/1974,Male,Dublin,164,82,true
6142245610,Prent,Nerheny,pnerheny15@yandex.ru,11/20/1976,Male,Cardiff,92,60,false
6379123164,Rollin,Syratt,rsyratt16@opera.com,3/19/1956,Male,London,160,99,false
1726112012,Trescha,Smithers,tsmithers17@ca.gov,1/20/1959,Female,Dublin,77,110,true
,Stacey,Titherington,stitherington18@bravesites.com,1/19/1966,Female,Edimburgh,73,107,false
2957188686,Gaultiero,Olivello,golivello19@dot.gov,2/6/1953,Male,Edimburgh,90,100,true
9191960479,Lesly,Palomba,lpalomba1a@tamu.edu,,Female,London,163,98,false
1550615750,Elissa,Kelinge,ekelinge1b@dot.gov,6/10/1953,,Edimburgh,148,92,false
0366143328,Olwen,Maylott,omaylott1c@biblegateway.com,1/8/1964,,Dublin,169,84,false
7416831350,Hewet,Nibley,hnibley1d@nsw.gov.au,12/15/1947,Male,Dublin,109,94,false
1488075093,Veradis,Bettanay,vbettanay1e@facebook.com,11/17/1944,,Dublin,158,84,false
0162673167,Jermaine,Greydon,jgreydon1f@zimbio.com,9/12/1946,Male,Dublin,127,104,true
9599528387,Nichole,Carnalan,ncarnalan1g@e-recht24.de,4/16/1952,Female,Cardiff,151,78,false
3452657558,Honor,Warder,hwarder1h@com.com,9/3/1972,Female,Dublin,80,63,true
6319675381,Pepito,Hasely,phasely1i@weebly.com,10/11/1945,,Dublin,100,98,
4112568185,Ginevra,Gersam,ggersam1j@webnode.com,7/27/1980,Female,Edimburgh,133,116,true
4250573508,Kathryne,Fairfoul,kfairfoul1k@google.ca,,,Edimburgh,142,95,false
6704717013,Elsworth,Yemm,eyemm1l@mtv.com,3/17/1968,Male,Dublin,182,90,false
6744474898,Yasmin,Beltzner,ybeltzner1m@ebay.co.uk,2/7/1980,Female,,,69,true
4602928633,Deloris,Click,dclick1n@ask.com,5/21/1969,,Edimburgh,134,80,true
1622506154,Mollie,Fellibrand,mfellibrand1o@redcross.org,11/1/1945,Female,London,113,90,true
6819989857,Giffer,Peracco,gperacco1p@netlog.com,10/12/1974,Male,London,183,92,true
9841364069,Candy,Heliar,cheliar1q@globo.com,12/10/1976,,London,88,109,true
2369590556,Donnell,O' Flaherty,doflaherty1r@ft.com,6/17/1972,Male,Edimburgh,115,87,false
2688496905,Chucho,Flaubert,cflaubert1s@bloomberg.com,6/11/1941,Male,Cardiff,120,74,true
1429500158,Terrel,Bourdis,tbourdis1t@google.de,7/28/1979,Male,Edimburgh,177,98,true
5981684178,Carmelita,Tupp,ctupp1u@livejournal.com,3/21/1941,,Cardiff,154,99,false
0069144397,Westleigh,Babb,wbabb1v@t-online.de,8/8/1960,Male,Cardiff,108,73,false
0600968243,Maurizia,Killingsworth,mkillingsworth1w@vk.com,10/25/1968,Female,Cardiff,101,70,false
0869918796,Haley,Baines,hbaines1x@geocities.jp,7/2/1965,Male,London,73,67,false
5577669812,Jeanelle,Stilldale,jstilldale1y@scribd.com,6/12/1960,,Cardiff,82,117,true
8229996474,Sayers,Collard,scollard1z@biblegateway.com,10/6/1962,Male,Cardiff,187,77,
9701439694,Ashlin,Allebone,aallebone20@chron.com,12/6/1973,Male,Cardiff,138,91,true
7860742853,Cart,Allery,callery21@barnesandnoble.com,7/20/1973,Male,Edimburgh,161,80,false
7038593897,Libbey,Mosco,lmosco22@arizona.edu,9/9/1970,,Cardiff,136,77,true
8515264498,Bernette,Loutheane,bloutheane23@apache.org,4/26/1971,Female,Dublin,125,66,
5665035173,Immanuel,Bettles,ibettles24@sogou.com,5/30/1963,Male,London,133,118,false
9450923892,Fabe,Francey,ffrancey25@artisteer.com,4/11/1976,Male,,,102,true
0469499222,Lurline,Etty,letty26@washington.edu,12/15/1957,Female,London,128,94,false
8983645466,Norah,Houtby,nhoutby27@reddit.com,4/20/1977,,Dublin,111,68,true
0962330248,Ortensia,Jiroudek,ojiroudek28@alexa.com,1/6/1973,,Edimburgh,73,114,true
3660251267,Hastie,Tatlock,htatlock29@state.gov,4/27/1945,Male,Dublin,178,116,false
3920493869,Patrick,Mulholland,pmulholland2a@guardian.co.uk,9/1/1955,Male,Cardiff,127,71,true
7466127053,Sidnee,Fielding,sfielding2b@miibeian.gov.cn,9/15/1959,Male,Edimburgh,155,91,false
2235818048,Jourdan,Basso,jbasso2c@pbs.org,5/1/1945,Female,London,176,108,true
2104295289,Jess,Seater,jseater2d@google.nl,12/12/1965,Male,Edimburgh,110,104,
4209742457,Ephrayim,Dumphries,edumphries2e@etsy.com,11/12/1941,Male,Dublin,159,75,true
9563567315,Tresa,Sandes,tsandes2f@craigslist.org,9/14/1953,Female,Cardiff,134,108,false
1047149796,Corrie,Melledy,cmelledy2g@sogou.com,3/15/1970,,Edimburgh,174,89,true
0636718204,Stafford,Higgan,shiggan2h@microsoft.com,11/17/1955,,Dublin,76,104,true
3127312814,Gaylor,Wastall,gwastall2i@ucoz.ru,2/3/1966,Male,Cardiff,171,82,false
9315798619,Irma,Alphonso,ialphonso2j@economist.com,9/15/1947,Female,Edimburgh,158,116,false
2151310876,Nanette,Coram,ncoram2k@qq.com,1/15/1976,,Dublin,155,85,true
7784336268,Roanne,Antao,rantao2l@utexas.edu,11/15/1968,,Edimburgh,149,72,true
0420796363,Lamont,Elacoate,lelacoate2m@smh.com.au,6/6/1978,Male,Edimburgh,156,111,false
7854416842,Art,Waters,awaters2n@lycos.com,6/23/1963,Male,Cardiff,140,86,true
3759184790,Lambert,Biggerstaff,lbiggerstaff2o@slashdot.org,7/27/1972,Male,Cardiff,156,113,true
6833092516,Jose,Epelett,jepelett2p@purevolume.com,6/10/1969,Male,Dublin,182,79,false
6219311329,Currie,Burless,cburless2q@nytimes.com,3/9/1972,,London,163,64,true
2603434691,Kory,Learmonth,klearmonth2r@earthlink.net,11/27/1958,Male,Edimburgh,159,104,false
8159860900,Terrence,Wilcott,twilcott2s@bandcamp.com,10/14/1940,,Dublin,71,71,true
8044968334,Ginny,Spurling,gspurling2t@slate.com,5/8/1961,Female,London,91,96,false
6319613106,Tobit,Antonsen,tantonsen2u@aboutads.info,2/20/1960,,Cardiff,89,69,true
5974507622,Granville,Antczak,gantczak2v@mtv.com,5/27/1954,Male,Dublin,106,110,true
7113320228,Heath,Enbury,henbury2w@eepurl.com,1/26/1973,Male,Dublin,158,67,
0892900458,Tirrell,Setterfield,tsetterfield2x@themeforest.net,2/19/1971,Male,Edimburgh,165,91,true
3415696847,Aeriela,MacGoun,amacgoun2y@nih.gov,11/15/1947,Female,Dublin,78,75,true
6407662516,Corine,Sanz,csanz2z@businesswire.com,6/15/1968,Female,Dublin,111,110,true
5708320311,Ardelle,Ledster,aledster30@blog.com,11/30/1960,Female,Dublin,121,91,true
2830278968,Zonnya,Heimann,zheimann31@aboutads.info,11/20/1943,Female,Cardiff,87,67,true
7427535618,Winifield,Tilt,wtilt32@privacy.gov.au,3/7/1965,Male,Cardiff,90,91,true
0094734755,Rabi,Kaes,rkaes33@vistaprint.com,4/22/1979,Male,Dublin,161,86,true
5439996893,Ora,Ive,oive34@oakley.com,11/2/1951,Female,Edimburgh,90,113,false
6121243724,Quincey,Colafate,qcolafate35@yandex.ru,6/4/1971,Male,London,162,70,true
9090203311,Carolina,Derrett,cderrett36@creativecommons.org,11/23/1975,Female,Dublin,103,92,false
6174770214,Hew,Allport,hallport37@xinhuanet.com,1/13/1950,Male,London,170,108,false
5872743505,Adlai,Joist,ajoist38@furl.net,6/18/1977,Male,London,186,77,false
6079945134,Violette,Himpson,vhimpson39@springer.com,6/2/1948,Female,London,183,78,false
5665076384,Em,Hubbold,ehubbold3a@mapquest.com,5/30/1961,Female,Edimburgh,155,80,false
2710290502,Brittan,Kirk,bkirk3b@usa.gov,4/8/1943,Female,Edimburgh,122,90,true
0382028201,Ronalda,Last,rlast3c@imdb.com,7/23/1957,Female,Cardiff,133,69,true
0048164887,Zackariah,Oty,zoty3d@fda.gov,11/18/1980,Male,Dublin,106,87,true
3442838282,Marsh,Kindall,mkindall3e@newsvine.com,4/21/1957,Male,Cardiff,132,91,false
7400953567,Concettina,Quarterman,cquarterman3f@hc360.com,5/11/1967,Female,Edimburgh,145,61,false
3664079361,Shanna,Hamblyn,shamblyn3g@yellowbook.com,5/13/1952,Female,London,129,119,
5067200782,Arne,Hudspith,ahudspith3h@wikispaces.com,3/16/1956,Male,,,96,false
8141303821,Rogerio,Gilsthorpe,rgilsthorpe3i@istockphoto.com,4/13/1970,Male,Cardiff,175,88,true
2920481657,Vania,Torrie,vtorrie3j@merriam-webster.com,7/30/1958,,Dublin,103,78,
4682405446,Mitchael,Lumsdale,mlumsdale3k@flickr.com,2/27/1965,,Dublin,181,96,true
1422524752,Barney,Abbes,babbes3l@earthlink.net,12/3/1961,,Edimburgh,117,82,true
8310885717,Christiane,Duckers,cduckers3m@reddit.com,8/25/1950,Female,Edimburgh,73,104,false
5109262373,Hephzibah,Delue,hdelue3n@fda.gov,10/29/1962,,London,133,74,true
2883609101,Sherilyn,Apark,sapark3o@si.edu,1/27/1966,Female,London,168,82,false
2190370310,Tanny,Pain,tpain3p@weebly.com,,,Cardiff,187,76,true
1934114111,Laryssa,Paiton,lpaiton3q@hostgator.com,,Female,Edimburgh,179,85,false
8657853221,Jarrid,Feavyour,jfeavyour3r@lycos.com,,Male,Dublin,73,61,false
6743758639,Delora,Worgen,dworgen3s@scribd.com,5/23/1964,,Edimburgh,87,109,false
8559316809,Kelbee,Devine,kdevine3t@discuz.net,2/20/1963,Male,Edimburgh,76,104,true
5388905284,Electra,Presho,epresho3u@columbia.edu,9/20/1948,Female,Dublin,89,72,false
2000580130,Marlyn,Meriel,mmeriel3v@yahoo.com,8/28/1963,Female,Dublin,125,83,true
6191355890,Kitti,Szymon,kszymon3w@wordpress.org,11/24/1944,Female,Edimburgh,146,99,false
0056932855,Gusti,Becaris,gbecaris3x@reuters.com,4/2/1968,,Dublin,131,96,true
1307023347,Kati,Mumberson,kmumberson3y@archive.org,5/18/1960,Female,London,134,73,false
4189222038,Randal,Pluvier,rpluvier3z@simplemachines.org,5/27/1968,Male,London,146,68,true
8905346758,Griz,Burgoyne,gburgoyne40@altervista.org,6/11/1978,Male,Cardiff,93,120,false
8770020337,Radcliffe,Mapother,rmapother41@netscape.com,11/29/1966,Male,Edimburgh,94,75,true
6680442052,Stern,Vanetti,svanetti42@uiuc.edu,6/28/1974,Male,London,153,88,false
2613911182,Phillip,Darwent,pdarwent43@blogtalkradio.com,7/25/1947,Male,Edimburgh,185,93,true
5784085522,Kellen,Ruddiforth,kruddiforth44@usgs.gov,6/22/1950,,London,128,88,false
4760140220,Yasmin,Fosh,yfosh45@bbb.org,9/8/1965,Female,Cardiff,82,75,true
4497551636,Fifine,Middleweek,fmiddleweek46@pcworld.com,6/8/1952,,Edimburgh,111,60,true
8338849731,Margarita,Valentin,mvalentin47@canalblog.com,3/7/1972,Female,Edimburgh,118,72,false
6738958773,Ruth,Brenneke,rbrenneke48@imageshack.us,2/17/1973,,London,150,107,true
9430139029,Clara,Adam,cadam49@baidu.com,2/8/1951,Female,London,106,101,true
1451858590,Jessalin,Trembley,jtrembley4a@joomla.org,8/2/1976,,Edimburgh,153,98,true
3124685652,Eadie,Whittuck,ewhittuck4b@va.gov,5/8/1974,Female,Dublin,186,84,false
0881990728,Clyve,Huggill,chuggill4c@zdnet.com,5/30/1954,Male,Cardiff,122,101,false
9092453870,Ailina,Gillcrist,agillcrist4d@soundcloud.com,4/9/1956,,Cardiff,169,74,true
6011423914,Selig,Petrillo,spetrillo4e@ihg.com,12/17/1947,,Edimburgh,159,67,
6751437501,Rolando,Shout,rshout4f@nyu.edu,10/10/1964,Male,Edimburgh,115,116,false
0849032377,Juliana,Davidovich,jdavidovich4g@uiuc.edu,9/18/1969,Female,Edimburgh,172,119,true
1728405335,Dulcinea,Vigne,dvigne4h@desdev.cn,2/27/1945,Female,Cardiff,96,90,false
3334003574,Bernice,Seldon,bseldon4i@yelp.com,9/12/1976,Female,Dublin,97,101,
2709621010,Brice,Walton,bwalton4j@topsy.com,6/15/1968,Male,Dublin,137,83,true
5440053425,Barbette,Scarlon,bscarlon4k@barnesandnoble.com,4/26/1956,Female,London,166,69,true
2560938154,Korella,Dudliston,kdudliston4l@furl.net,6/15/1967,,Dublin,172,109,true
1569306710,Carolina,Wardlow,cwardlow4m@jiathis.com,4/20/1960,Female,Cardiff,153,80,false
3678286755,Cori,Boosey,cboosey4n@adobe.com,9/28/1958,Male,Cardiff,72,65,false
9706415491,Marne,Mattersey,mmattersey4o@nps.gov,2/20/1957,Female,Edimburgh,117,92,false
8052138221,Alikee,Theze,atheze4p@163.com,3/2/1960,Female,London,84,103,true
,Fenelia,Laville,flaville4q@walmart.com,3/2/1956,Female,Dublin,159,113,false
3009765916,Valentin,Switsur,vswitsur4r@wordpress.com,6/20/1976,,London,156,60,false
3607337209,Wyatt,Haslock,whaslock4s@howstuffworks.com,12/8/1947,,London,169,111,false
6211927940,Em,Spinley,espinley4t@dot.gov,1/6/1946,,Cardiff,171,60,true
6949056400,Gerhardine,Farrears,gfarrears4u@deliciousdays.com,9/7/1961,,Dublin,149,87,true
0439744423,Ardra,Petrelli,apetrelli4v@bloglines.com,3/2/1953,Female,Cardiff,161,61,false
8522243190,Corliss,Westmerland,cwestmerland4w@drupal.org,8/22/1959,,Cardiff,123,98,false
3917869985,Marie-ann,Penwarden,mpenwarden4x@joomla.org,1/1/1951,,Edimburgh,175,100,false
7420403201,Cheryl,Castellaccio,ccastellaccio4y@dell.com,3/20/1944,Female,London,121,80,false
3749850127,Mart,Beirne,mbeirne4z@omniture.com,7/19/1977,Male,Edimburgh,87,108,true
1121653413,Gweneth,Yourell,gyourell50@hibu.com,3/16/1959,,Cardiff,71,60,true
5288632154,Teresina,Jerrard,tjerrard51@ezinearticles.com,10/8/1954,Female,London,103,91,false
4735361987,Nomi,Oakenfall,noakenfall52@skyrock.com,4/29/1980,Female,Cardiff,73,116,
3326815271,Shelba,Schulter,sschulter53@mtv.com,1/28/1948,Female,Edimburgh,144,60,false
6930717185,Lilli,Kattenhorn,lkattenhorn54@dmoz.org,10/19/1948,Female,London,102,81,true
2116800595,Malvina,Corbert,mcorbert55@tumblr.com,10/10/1970,Female,Cardiff,104,80,true
4986281437,Earle,Bertson,ebertson56@guardian.co.uk,,Male,Edimburgh,118,68,
5599552551,Penrod,Ashpital,pashpital57@shutterfly.com,7/23/1940,Male,London,176,81,true
7311178975,Pennie,Hallin,phallin58@edublogs.org,10/1/1952,Male,Dublin,187,111,false
1502763532,Dion,Pawellek,dpawellek59@php.net,11/25/1960,Female,Edimburgh,160,74,true
7270022259,Zora,Craig,zcraig5a@time.com,1/7/1965,,Edimburgh,97,73,false
5694658442,Annadiana,Growden,agrowden5b@people.com.cn,9/20/1962,Female,Dublin,117,68,false
0210844582,Jamie,Mont,jmont5c@ameblo.jp,11/19/1943,Female,Dublin,180,81,true
9788316530,Emilie,Weymont,eweymont5d@weather.com,11/8/1960,Female,London,150,82,true
6479355253,Kara-lynn,Horbart,khorbart5e@google.com.hk,5/10/1979,,London,70,111,false
2055720082,Crystal,Blincow,cblincow5f@paypal.com,3/3/1953,Female,Dublin,106,109,true
2603622595,Bail,Novis,bnovis5g@themeforest.net,5/3/1946,Male,Cardiff,89,95,true
8041923453,Raine,Pinchen,rpinchen5h@ca.gov,9/25/1979,Female,Cardiff,115,81,false
4327184047,Meridel,Hazelgreave,mhazelgreave5i@reddit.com,7/24/1949,Female,Cardiff,118,60,false
2910990567,Sabrina,Hupka,shupka5j@drupal.org,10/30/1969,Female,Dublin,146,61,true
8934900881,Laryssa,Cakebread,lcakebread5k@parallels.com,,Female,Cardiff,188,108,true
7268221622,Worth,Clute,wclute5l@ebay.com,1/16/1971,,Dublin,99,115,false
0846221713,Hailee,Vonderdell,hvonderdell5m@trellian.com,12/16/1941,Female,Dublin,101,81,false
1146505094,Gaile,Sleith,gsleith5n@stanford.edu,8/14/1946,Male,London,75,75,true
4914799847,Paxton,Caslett,pcaslett5o@sitemeter.com,1/19/1949,Male,Cardiff,101,107,true
1472997875,Gilbertine,Jaslem,gjaslem5p@nps.gov,,Female,Cardiff,171,75,false
7869936987,Major,Charteris,mcharteris5q@kickstarter.com,11/10/1971,Male,Cardiff,84,113,true
2641874792,Egan,Oxtoby,eoxtoby5r@networksolutions.com,,Male,Dublin,154,97,true
9743463194,Zola,Fargher,zfargher5s@whitehouse.gov,1/26/1972,Female,Edimburgh,79,79,true
6211860870,Merle,Wolland,mwolland5t@un.org,8/24/1945,,Edimburgh,107,85,true
7372049059,Ernie,Sebright,esebright5u@vimeo.com,3/26/1963,Male,Edimburgh,104,96,false
7557196538,Star,Antrag,santrag5v@newyorker.com,7/25/1946,,Edimburgh,82,80,
1378971728,Bobby,Stollman,bstollman5w@diigo.com,1/6/1964,Male,Cardiff,129,77,
,Evelyn,Peile,epeile5x@xing.com,7/28/1945,Female,Cardiff,81,74,true
1212850688,Berne,Cordingly,bcordingly5y@clickbank.net,10/13/1965,Male,Cardiff,73,111,false
6477752417,Dalenna,Arden,darden5z@vkontakte.ru,7/19/1972,Female,,,73,false
,Hardy,Goodband,hgoodband60@scientificamerican.com,8/5/1951,Male,,,75,true
0131374478,Rex,Smaling,rsmaling61@google.co.jp,9/14/1975,Male,Edimburgh,125,70,false
9905680551,Fannie,O'Giany,fogiany62@qq.com,12/13/1941,Female,London,78,105,true
5241284176,Deerdre,Jouanny,djouanny63@exblog.jp,12/24/1946,Female,Edimburgh,100,115,false
2415525715,Uri,O'Siaghail,uosiaghail64@unc.edu,6/10/1967,Male,London,103,92,true
7737334122,Milo,Gunton,mgunton65@google.de,9/18/1968,Male,London,156,100,false
4687044417,Anselma,McCafferky,amccafferky66@ucoz.com,11/4/1950,Female,Cardiff,121,102,false
0255390343,Mabelle,Bigham,mbigham67@list-manage.com,5/28/1959,Female,Cardiff,116,81,true
,Victoria,Pallesen,vpallesen68@bizjournals.com,12/16/1978,,London,111,65,false
0841171777,Danica,Giorgio,dgiorgio69@icq.com,7/28/1960,Female,Edimburgh,190,99,true
5038407730,Coreen,New,cnew6a@google.com.hk,4/20/1957,Female,Cardiff,105,110,false
2769849050,Aridatha,Ghelardi,aghelardi6b@vk.com,9/6/1973,Female,Cardiff,187,94,true
2870544391,Hussein,Swait,hswait6c@irs.gov,2/17/1971,,,,113,false
1412487501,Sibylla,Swetland,sswetland6d@fc2.com,1/25/1958,Female,Edimburgh,149,62,true
0124093124,Gregor,Cosyns,gcosyns6e@msu.edu,8/7/1977,Male,Edimburgh,172,77,true
2720773131,Moishe,Shatliffe,mshatliffe6f@vkontakte.ru,1/1/1965,Male,Cardiff,101,64,true
0958966915,Duffy,Gerretsen,dgerretsen6g@uiuc.edu,8/30/1943,,Edimburgh,186,102,true
9118709877,Leonhard,Borgars,lborgars6h@springer.com,,Male,Cardiff,115,113,false
5344465084,Frannie,Tacker,ftacker6i@bizjournals.com,4/12/1972,Female,,,105,false
,Carl,Baggalley,cbaggalley6j@trellian.com,1/15/1943,Male,Cardiff,101,78,false
6073550375,Rosina,Kissock,rkissock6k@rambler.ru,4/1/1961,Female,London,106,70,false
8862132999,Silas,Berecloth,sberecloth6l@google.fr,8/25/1955,Male,Cardiff,149,89,true
2533174505,Raina,Uccelli,ruccelli6m@google.com.hk,12/7/1963,Female,Dublin,146,73,false
8593513913,Alex,Nickolls,anickolls6n@bloglines.com,1/6/1968,Male,Dublin,97,106,true
8688812217,Leeann,Roughan,lroughan6o@home.pl,8/23/1970,Female,Dublin,101,116,false
6476255762,Cindy,Fretter,cfretter6p@loc.gov,9/3/1940,Female,Edimburgh,184,99,true
6615019663,Birgitta,Danson,bdanson6q@symantec.com,7/15/1940,Female,Dublin,81,110,false
8864255427,Marshal,Paviour,mpaviour6r@narod.ru,2/4/1945,Male,Edimburgh,114,80,false
5618357062,Kristien,Marjoribanks,kmarjoribanks6s@state.gov,10/9/1962,Female,London,84,90,false
2879475333,Chadd,Askew,caskew6t@live.com,8/14/1978,Male,Edimburgh,87,101,true
3775125841,Lowell,Matzen,lmatzen6u@wikimedia.org,9/25/1941,Male,Cardiff,157,95,true
4426368812,Trixie,Goode,tgoode6v@washingtonpost.com,8/2/1940,,London,165,97,true
6347658410,Norbie,Helliwell,nhelliwell6w@technorati.com,5/28/1974,Male,Dublin,126,75,false
1789006856,Dawna,Duding,dduding6x@4shared.com,12/4/1947,Female,Dublin,140,117,true
6758685020,Myca,Mewe,mmewe6y@i2i.jp,2/12/1963,Male,London,108,104,false
5214444958,Wilden,Spedding,wspedding6z@irs.gov,5/20/1942,Male,Cardiff,97,120,true
4545309003,Susi,Klemmt,sklemmt70@apple.com,9/21/1940,Female,London,167,74,false
5610892295,Oswell,Browell,obrowell71@abc.net.au,3/1/1952,Male,Dublin,112,83,
9817757234,Stewart,Jerwood,sjerwood72@adobe.com,10/31/1958,,Cardiff,110,117,false
2247940676,Field,Grisewood,fgrisewood73@ihg.com,7/17/1963,Male,Dublin,107,92,false
1776772563,Kearney,Harkins,kharkins74@techcrunch.com,6/10/1960,Male,London,117,102,false
8868214296,Tatiana,Saile,tsaile75@mail.ru,8/16/1958,Female,Cardiff,143,95,true
8447573176,Kendricks,Toxell,ktoxell76@npr.org,8/29/1966,Male,Dublin,103,64,true
4454312648,Carrissa,Riddlesden,criddlesden77@statcounter.com,7/10/1969,Female,Cardiff,159,92,false
2936205514,Hilary,Dachey,hdachey78@go.com,10/30/1953,Male,Dublin,161,112,true
6881359039,Rees,Lehr,rlehr79@youtu.be,12/7/1964,Male,Dublin,114,100,true
9006261475,Patsy,Stonhard,pstonhard7a@github.io,8/28/1945,Male,,,104,true
3915394106,Phillie,Bollin,pbollin7b@tiny.cc,4/1/1960,Female,London,172,85,false
6209599559,Spense,Branford,sbranford7c@nydailynews.com,12/25/1954,Male,Edimburgh,144,92,true
0503259314,Hadrian,Brocks,hbrocks7d@cloudflare.com,8/18/1970,Male,London,177,68,false
2199288439,Sansone,Lamanby,slamanby7e@yandex.ru,6/2/1952,Male,Edimburgh,157,62,true
8377885735,Agna,Castard,acastard7f@wunderground.com,2/18/1972,Female,London,95,102,false
0625216628,Kessia,Cheke,kcheke7g@ibm.com,11/1/1954,Female,Edimburgh,108,73,false
4330669889,Joella,Ramel,jramel7h@va.gov,7/14/1979,Female,Dublin,166,119,false
2967482730,Darrin,Fallen,dfallen7i@netlog.com,4/9/1951,Male,Cardiff,122,112,false
8055938024,Guthrie,Loveridge,gloveridge7j@bigcartel.com,6/4/1949,Male,Cardiff,154,110,false
1769399879,Courtnay,Gerriet,cgerriet7k@chron.com,12/26/1977,,Edimburgh,137,114,false
3612898566,Shelbi,Wittey,swittey7l@nature.com,3/31/1949,Female,Edimburgh,121,93,true
1132064147,Babette,Brine,bbrine7m@youku.com,10/24/1975,Female,Cardiff,83,118,false
0521585600,Ezri,Greenhill,egreenhill7n@tinyurl.com,2/15/1941,Male,London,73,108,false
3704762458,Emelen,Stobbe,estobbe7o@washington.edu,3/5/1943,Male,London,107,86,true
3491369568,Titus,Lambertson,tlambertson7p@comcast.net,9/8/1954,Male,Dublin,117,74,false
4202161130,Tan,Bachelor,tbachelor7q@nymag.com,7/27/1965,,Dublin,169,115,false
7100830273,Lanette,Witul,lwitul7r@oaic.gov.au,12/29/1971,Female,London,179,93,true
8208320560,Mendel,Grahl,mgrahl7s@sina.com.cn,11/23/1978,Male,Cardiff,145,118,false
2840084651,Wallie,Steinson,wsteinson7t@mac.com,2/18/1941,Male,Edimburgh,151,66,true
1362913545,Susana,Audsley,saudsley7u@nsw.gov.au,7/16/1967,Female,Dublin,113,79,false
6006116073,Ezekiel,Scarsbrick,escarsbrick7v@sina.com.cn,3/16/1947,,London,155,111,true
4741286169,Jami,Warlton,jwarlton7w@cam.ac.uk,11/4/1970,Female,Dublin,144,62,false
8370420095,Eve,Nicolson,enicolson7x@domainmarket.com,7/24/1978,Female,Dublin,108,83,true
2979391417,Debi,Suett,dsuett7y@liveinternet.ru,1/9/1959,Female,Edimburgh,83,78,false
6739936242,Dena,Mattea,dmattea7z@gnu.org,6/12/1941,Female,London,157,97,true
9928508763,Wilmette,Dunston,wdunston80@printfriendly.com,1/25/1942,Female,Edimburgh,93,90,false
4134014476,Jane,Slane,jslane81@cafepress.com,4/6/1973,Female,Cardiff,158,111,false
6258623263,Herculie,Olwen,holwen82@admin.ch,8/8/1958,Male,Edimburgh,125,120,false
4306120937,Earvin,Gidman,egidman83@parallels.com,10/27/1964,,Dublin,134,99,false
1353309916,Field,Loadwick,floadwick84@dagondesign.com,12/3/1973,,Edimburgh,144,71,false
6945412822,Friedrick,Angel,fangel85@archive.org,11/5/1979,Male,London,114,97,true
7972112886,Ashley,Pavolini,apavolini86@abc.net.au,1/2/1975,Female,Dublin,141,64,true
7667103526,Everard,Leehane,eleehane87@ning.com,,Male,Cardiff,172,70,true
1150061863,Faina,Crompton,fcrompton88@amazon.co.uk,4/5/1953,Female,London,172,89,true
1623716802,Clayton,Emor,cemor89@ucoz.com,5/26/1963,Male,Cardiff,109,107,false
8578136373,Samuel,Foukx,sfoukx8a@wikimedia.org,5/23/1953,Male,Dublin,138,85,false
0686470613,Den,Risso,drisso8b@oakley.com,12/5/1952,Male,London,133,117,false
8841436794,Elga,Itzik,eitzik8c@live.com,5/5/1970,Female,Edimburgh,103,92,true
3933776317,Jaclin,Forrest,jforrest8d@bloomberg.com,5/26/1942,Female,London,139,111,false
1350072524,Boone,Calam,bcalam8e@shop-pro.jp,12/4/1958,Male,Edimburgh,159,98,false
6186755266,Hazlett,Coyett,hcoyett8f@yellowbook.com,9/18/1963,Male,Dublin,150,68,true
1176466178,Roxane,Kingsmill,rkingsmill8g@twitpic.com,10/22/1941,Female,London,82,71,false
2136283472,Dominique,Mac Giolla Pheadair,dmacgiollapheadair8h@privacy.gov.au,5/15/1956,Male,Dublin,148,86,true
3072337012,Esme,Tomblett,etomblett8i@ucla.edu,12/8/1954,Male,London,148,66,true
7394821110,June,Brendel,jbrendel8j@netlog.com,4/29/1955,,Dublin,152,120,true
8329268934,Kerri,D'Abbot-Doyle,kdabbotdoyle8k@auda.org.au,4/21/1979,Female,Edimburgh,126,102,false
4455269487,Shalne,Gravenell,sgravenell8l@baidu.com,1/8/1978,Female,,,85,true
7169018446,Winnie,Seer,wseer8m@bandcamp.com,10/29/1947,Male,London,189,94,false
7324832326,Washington,Goolden,wgoolden8n@trellian.com,2/21/1950,Male,Cardiff,102,91,true
6867210899,Micheal,O'Scandall,moscandall8o@cnbc.com,12/4/1979,Male,Edimburgh,189,81,false
3478414032,Gratiana,Schooling,gschooling8p@storify.com,5/6/1969,,Cardiff,81,73,true
7371748212,Jarib,Sorrell,jsorrell8q@exblog.jp,9/16/1961,Male,Cardiff,120,69,false
6534276623,Dominica,Bucklee,dbucklee8r@phpbb.com,4/19/1966,Female,Edimburgh,134,117,true
4261321238,Mellicent,Netherwood,mnetherwood8s@flavors.me,2/28/1967,Female,London,128,85,true
7523596347,Pierrette,Glennie,pglennie8t@cdbaby.com,8/30/1949,Female,London,172,60,false
9776754090,Maureene,Narup,mnarup8u@ed.gov,3/23/1958,,Cardiff,121,110,true
6556524883,Austin,Iddins,aiddins8v@soundcloud.com,1/17/1947,,Edimburgh,156,63,true
7752387428,Maryl,Hiner,mhiner8w@soup.io,7/17/1960,Female,Edimburgh,90,97,true
,Urson,Magrane,umagrane8x@microsoft.com,2/1/1954,Male,Cardiff,143,113,false
0246888342,Dinny,Tees,dtees8y@wired.com,11/16/1968,Female,Cardiff,157,86,true
8033520302,Sadella,Jimes,sjimes8z@wikispaces.com,1/25/1961,Female,London,185,115,true
4695502690,Kania,Meeron,kmeeron90@washington.edu,4/16/1949,Female,,,63,false
4406643192,Caldwell,Ryce,cryce91@craigslist.org,3/21/1954,Male,,,79,true
6958788222,Carlye,Baldack,cbaldack92@jimdo.com,8/18/1961,Female,Dublin,72,62,false
7079955211,Datha,McArley,dmcarley93@yellowpages.com,4/6/1949,Female,Cardiff,78,110,false
4759354050,Christiana,Kelk,ckelk94@i2i.jp,1/5/1946,Female,Dublin,154,91,false
2167843151,Carissa,Calderon,ccalderon95@devhub.com,6/23/1955,Female,London,177,75,false
7597765142,Marni,Simo,msimo96@issuu.com,1/27/1979,Female,Cardiff,104,109,true
2811259325,Shelbi,Overington,soverington97@google.fr,12/22/1975,Female,Edimburgh,121,90,false
3817632517,Luce,Chatwin,lchatwin98@theatlantic.com,2/11/1966,,Edimburgh,135,69,
4434672940,Marice,Gamble,mgamble99@un.org,5/12/1956,Female,Dublin,124,70,
7311054559,Koren,Calcott,kcalcott9a@booking.com,5/11/1950,Female,Edimburgh,188,105,false
3284352716,Godard,Rumble,grumble9b@addtoany.com,4/27/1949,Male,Dublin,97,105,false
7493112428,Claiborn,Mozzetti,cmozzetti9c@tripadvisor.com,9/27/1950,Male,Cardiff,140,70,false
5173253789,Merrili,Appleby,mappleby9d@surveymonkey.com,3/15/1941,,Dublin,188,106,true
3936502005,Doralin,Rubrow,drubrow9e@facebook.com,10/9/1968,Female,Cardiff,139,88,true
1947309609,Sharla,Sammons,ssammons9f@nytimes.com,2/23/1942,Female,Dublin,188,67,false
5081765953,Edd,Joincey,ejoincey9g@trellian.com,7/30/1959,Male,London,125,70,true
4992453333,Quintus,Mickleburgh,qmickleburgh9h@newsvine.com,10/30/1964,Male,London,142,83,true
3746000904,Ree,Ormrod,rormrod9i@mapy.cz,9/1/1977,Female,London,72,73,false
6617704142,Kamillah,Beslier,kbeslier9j@telegraph.co.uk,10/5/1979,Female,London,167,107,false
6285834385,Burnard,Parnby,bparnby9k@123-reg.co.uk,3/20/1942,Male,Dublin,117,119,false
3998170545,Jodie,Renad,jrenad9l@flavors.me,7/11/1961,Female,London,184,77,false
6424417206,Alexandros,Crowest,acrowest9m@indiatimes.com,5/5/1946,Male,Edimburgh,111,69,true
5866169258,Kelci,Shearwood,kshearwood9n@dagondesign.com,4/21/1971,,Edimburgh,119,103,true
9140520420,Farand,Sokill,fsokill9o@parallels.com,1/20/1956,Female,Dublin,171,74,
2814099221,Sydel,Gout,sgout9p@behance.net,10/12/1943,Female,London,164,107,false
7913276363,Ruperto,Coskerry,rcoskerry9q@sakura.ne.jp,,Male,London,137,64,false
0382343328,Allyn,Feronet,aferonet9r@trellian.com,6/3/1951,Female,London,180,81,false
5627948906,Kath,Athridge,kathridge9s@globo.com,8/21/1975,,Edimburgh,156,116,false
6341791372,Harmonia,Melluish,hmelluish9t@oracle.com,12/18/1944,Female,Dublin,122,83,true
2171996714,Shaughn,Bleaden,sbleaden9u@miibeian.gov.cn,11/18/1974,Male,Cardiff,114,107,
4605786082,Burty,Sim,bsim9v@ycombinator.com,10/11/1974,Male,Dublin,188,105,true
6496429235,Channa,Dimelow,cdimelow9w@pinterest.com,11/9/1967,Female,Dublin,190,96,false
6976100563,Anderson,Syme,asyme9x@canalblog.com,10/18/1957,Male,Edimburgh,81,116,true
0338094113,Miguela,Elles,melles9y@wired.com,3/18/1974,Female,Cardiff,86,71,false
6045691407,Debbie,Mitro,dmitro9z@canalblog.com,12/31/1947,Female,Edimburgh,74,115,false
4929906032,Hubie,Whitman,hwhitmana0@seesaa.net,,Male,Cardiff,172,64,true
2946468860,Freemon,Bristow,fbristowa1@xinhuanet.com,8/10/1949,,Dublin,179,63,true
2552727174,Valaria,Shelbourne,vshelbournea2@csmonitor.com,2/16/1941,Female,Dublin,91,78,true
3244077684,Morry,Grellier,mgrelliera3@apache.org,3/6/1944,,London,176,78,true
6831090532,Reider,Vickers,rvickersa4@tiny.cc,6/27/1961,Male,Dublin,71,103,false
0087563231,Marketa,Biaggiotti,mbiaggiottia5@1688.com,10/25/1980,Female,Edimburgh,155,115,false
0788626124,Kristofor,Klicher,kklichera6@prnewswire.com,5/17/1954,Male,Dublin,85,80,true
3444771312,Mathias,Eastcourt,meastcourta7@soundcloud.com,7/10/1953,Male,Edimburgh,182,91,
8649654894,Edan,Menci,emencia8@whitehouse.gov,5/12/1953,,Edimburgh,179,114,false
8935527920,Lani,Cowsby,lcowsbya9@google.com.br,8/30/1972,Female,Edimburgh,94,117,false
9088686351,Karen,Schuler,kschuleraa@macromedia.com,4/27/1942,Female,Cardiff,117,79,false
7407759456,Franklin,Innerstone,finnerstoneab@rambler.ru,2/23/1957,Male,Edimburgh,157,87,true
5575817091,Rickard,Gullam,rgullamac@theatlantic.com,5/10/1957,Male,Dublin,87,60,false
4961237264,Evelyn,Capel,ecapelad@omniture.com,5/21/1976,Male,Cardiff,164,94,false
9431793008,Katy,Plait,kplaitae@sakura.ne.jp,1/11/1972,Female,Edimburgh,157,120,false
9755918280,Nichols,Straun,nstraunaf@accuweather.com,2/25/1942,Male,Cardiff,189,73,false
2964318271,Hasty,Gerlack,hgerlackag@alexa.com,,Male,Cardiff,108,67,true
7041066460,Aubrey,Foucher,afoucherah@salon.com,7/1/1952,Male,Dublin,121,73,true
3194202170,Ari,Andriolli,aandriolliai@yellowpages.com,10/19/1977,Male,Dublin,178,117,
3239060787,Munroe,MacGillivray,mmacgillivrayaj@photobucket.com,5/20/1980,,Edimburgh,135,112,false
8786751433,Barnabe,Nucciotti,bnucciottiak@reuters.com,6/3/1979,Male,London,87,70,false
2381415750,Bordy,Lilford,blilfordal@aboutads.info,10/22/1980,Male,Edimburgh,82,81,false
3636419218,Mattias,Tansley,mtansleyam@blogspot.com,8/27/1977,Male,Cardiff,186,79,
1500931314,Hildegaard,Hrihorovich,hhrihorovichan@pagesperso-orange.fr,10/22/1963,Female,London,153,75,false
7267870783,Bambie,Poacher,bpoacherao@bluehost.com,4/7/1945,Female,London,188,108,false
9830184234,Dinny,Skeech,dskeechap@eepurl.com,9/13/1953,Female,Dublin,133,93,true
5967913599,Barnabe,Burnyeat,bburnyeataq@jiathis.com,4/4/1978,Male,Edimburgh,181,72,false
2822953120,Paulita,Higgen,phiggenar@independent.co.uk,5/4/1962,Female,Dublin,112,100,false
4928739337,Lyndsie,Lindberg,llindbergas@behance.net,7/1/1978,Female,Dublin,80,113,true
1069761605,Wynny,McCool,wmccoolat@devhub.com,9/9/1964,Female,Dublin,171,89,true
,Aeriel,Arnowicz,aarnowiczau@unicef.org,,Female,Dublin,172,62,true
2391279922,Marion,Guyonnet,mguyonnetav@amazon.de,12/18/1970,Female,London,96,114,true
8818125575,Bearnard,Gusticke,bgustickeaw@mapquest.com,12/23/1945,Male,,,84,true
2568137274,Nathan,Blant,nblantax@huffingtonpost.com,8/9/1964,,London,112,97,true
0217186963,Michael,Stearns,mstearnsay@forbes.com,3/28/1953,Male,London,177,62,false
2328998321,Brand,Copnall,bcopnallaz@163.com,10/30/1965,Male,Cardiff,70,64,true
9181535694,Catharine,Kopmann,ckopmannb0@oracle.com,4/6/1946,Female,Cardiff,162,100,true
5247983572,Karly,Gerren,kgerrenb1@prlog.org,7/2/1975,Female,Edimburgh,180,110,true
6394188778,Gwendolin,Espinay,gespinayb2@hp.com,7/16/1977,Female,London,111,115,true
1366072235,Carlen,Fennessy,cfennessyb3@csmonitor.com,12/9/1960,Female,Cardiff,78,88,false
8000152150,Kristyn,Bryett,kbryettb4@i2i.jp,5/27/1978,Female,Dublin,105,106,false
0669930342,Virginie,Gilfillan,vgilfillanb5@imdb.com,4/14/1961,Female,Dublin,94,98,
,Maryjane,Desantis,mdesantisb6@usda.gov,5/14/1972,Female,Cardiff,138,65,true
6214824816,Dall,Paoletti,dpaolettib7@mapquest.com,10/18/1945,Male,Dublin,152,91,false
3203623773,Rutledge,Piatek,rpiatekb8@fc2.com,9/4/1974,Male,London,130,120,false
2434066291,Phillipp,Jaskiewicz,pjaskiewiczb9@tinyurl.com,6/14/1976,Male,London,122,107,false
0292681313,Sterne,Larvent,slarventba@tuttocitta.it,8/14/1975,,Dublin,170,80,true
6214021411,Pall,Westnage,pwestnagebb@youku.com,7/13/1956,Male,Cardiff,118,67,true
9441832995,Arlette,Georgel,ageorgelbc@wisc.edu,5/8/1966,Female,Cardiff,164,92,true
8073909464,Hillary,Iskower,hiskowerbd@jiathis.com,12/3/1955,Male,London,103,98,false
6977657405,Abbi,Simko,asimkobe@icio.us,4/4/1961,,Dublin,82,96,true
8975654907,Ezekiel,Antosch,eantoschbf@vk.com,9/6/1942,Male,Edimburgh,103,99,true
8443010134,Anitra,Wiburn,awiburnbg@cnbc.com,9/20/1951,Female,London,85,90,
5821538173,Belia,Amey,bameybh@studiopress.com,9/3/1942,Female,Edimburgh,99,95,true
,Genni,Dreelan,gdreelanbi@aboutads.info,3/24/1944,Female,Dublin,170,100,true
3278718607,Tally,Driutti,tdriuttibj@ehow.com,7/30/1966,Male,London,73,93,
8520311865,Franky,Hamblen,fhamblenbk@msu.edu,4/20/1980,Female,Cardiff,84,83,
9862660287,Lazaro,Rigts,lrigtsbl@pen.io,1/18/1966,Male,London,101,74,true
7326137498,Mike,Le Ball,mleballbm@noaa.gov,6/5/1965,Male,Cardiff,84,117,true
9982348590,Prescott,Coniff,pconiffbn@google.com,10/27/1977,Male,London,71,84,
2674962054,Julieta,Puzey,jpuzeybo@zdnet.com,,Female,London,123,87,true
4064868404,Preston,Rangeley,prangeleybp@deliciousdays.com,6/21/1940,Male,Edimburgh,150,76,false
9690706950,Philippe,Bosman,pbosmanbq@answers.com,2/6/1953,,Cardiff,114,73,true
4773053917,Jewell,Kenneford,jkennefordbr@soup.io,12/22/1960,Female,Dublin,141,75,false
3078709914,Gregor,Hush,ghushbs@umich.edu,9/2/1978,Male,Dublin,187,71,true
4590478986,Mackenzie,Lamprey,mlampreybt@oaic.gov.au,4/27/1980,Male,Dublin,94,102,false
1994613831,Jessika,Guillotin,jguillotinbu@digg.com,2/6/1974,,,,82,true
8665969977,Sunshine,Shearsby,sshearsbybv@icio.us,2/17/1979,Female,Edimburgh,182,68,
6459082057,Olva,Tidball,otidballbw@ebay.com,3/18/1967,Female,Dublin,125,118,true
3592522191,Fabian,Jedraszczyk,fjedraszczykbx@nydailynews.com,7/25/1963,Male,Cardiff,174,104,true
5505167578,Evvie,Synder,esynderby@google.com.hk,11/18/1947,Female,Edimburgh,141,83,true
0815781652,Dorthea,Chavrin,dchavrinbz@youtu.be,10/25/1977,Female,Cardiff,79,119,false
1011806142,Tracie,Babinski,tbabinskic0@i2i.jp,5/12/1948,Female,Edimburgh,106,99,false
1413960782,Fraser,Ransley,fransleyc1@google.nl,3/16/1968,Male,Cardiff,107,106,false
8148758093,Ruy,Brandham,rbrandhamc2@networksolutions.com,12/11/1973,Male,Cardiff,181,119,false
4714778374,Henri,Clunie,hcluniec3@samsung.com,7/6/1950,Male,Edimburgh,174,60,false
4212257874,Manda,Northall,mnorthallc4@nyu.edu,6/30/1940,Female,Cardiff,166,111,
2300871955,Trude,Barwise,tbarwisec5@etsy.com,10/12/1961,Female,Cardiff,78,109,false
8899504350,Basile,Sinton,bsintonc6@gmpg.org,9/17/1950,Male,Dublin,119,62,false
,Valaria,Brisland,vbrislandc7@omniture.com,1/16/1956,Female,Dublin,144,81,true
6548898451,Oralla,Holyard,oholyardc8@goodreads.com,9/23/1969,Female,Cardiff,160,61,false
1475357583,Therine,Samuels,tsamuelsc9@stumbleupon.com,5/6/1951,Female,Edimburgh,187,79,false
9919078697,Angelina,Glasser,aglasserca@gravatar.com,1/23/1966,Female,Edimburgh,185,70,false
0340437081,Armstrong,Sherborn,asherborncb@creativecommons.org,1/30/1943,Male,Cardiff,170,73,true
0415180066,Nester,Reggler,nregglercc@cmu.edu,,Male,London,179,78,false
8211822342,Dita,Clues,dcluescd@mapy.cz,1/30/1957,Female,London,74,116,false
1386743402,Phyllys,Von Der Empten,pvonderemptence@wikispaces.com,7/3/1958,Female,London,148,61,false
2203977396,Melisse,Waldron,mwaldroncf@goodreads.com,1/14/1979,Female,Dublin,135,105,true
9934713608,Franz,Everleigh,feverleighcg@mac.com,3/31/1948,Male,Edimburgh,189,112,false
8809675088,Virgie,Findlater,vfindlaterch@princeton.edu,7/19/1972,Male,Dublin,113,85,false
9676323012,Ninnetta,Roberds,nroberdsci@latimes.com,8/14/1968,Female,Edimburgh,190,94,true
7278905990,Leonardo,Lamkin,llamkincj@microsoft.com,9/15/1979,Male,Cardiff,160,60,true
6998135181,Midge,Skedge,mskedgeck@harvard.edu,,Female,London,89,68,false
2843664241,Berty,Playle,bplaylecl@freewebs.com,5/9/1976,Male,Cardiff,146,67,false
1478023058,Guglielma,Caveill,gcaveillcm@wikimedia.org,11/16/1954,Female,Cardiff,124,95,true
5875687827,Etienne,Le Jean,elejeancn@examiner.com,8/11/1974,Male,Dublin,137,111,false
1481603205,Irwin,Grissett,igrissettco@independent.co.uk,6/23/1966,Male,Cardiff,122,94,false
0953987736,Layla,McKearnen,lmckearnencp@wikipedia.org,2/26/1980,Female,Dublin,115,113,true
2761399722,Nichols,Caulwell,ncaulwellcq@zimbio.com,12/20/1954,Male,Edimburgh,110,97,false
3260468862,Terza,Castellan,tcastellancr@redcross.org,3/22/1944,Female,London,88,93,false
2376467519,Gordan,Redon,gredoncs@slate.com,12/7/1957,,Dublin,151,86,
1230491287,Heddie,Mostyn,hmostynct@plala.or.jp,5/8/1973,Female,Dublin,113,71,true
2768256358,Evangeline,Benny,ebennycu@army.mil,8/1/1964,Female,Dublin,153,96,
9339491718,Sharleen,Matonin,smatonincv@unc.edu,1/24/1978,Female,Cardiff,175,104,false
1885843011,Clemmy,Roscamps,croscampscw@devhub.com,10/7/1964,,London,150,83,false
9680079783,Denni,Kennewell,dkennewellcx@businessweek.com,3/27/1974,Female,Cardiff,89,72,true
2865987582,Kingsley,Coonan,kcoonancy@cafepress.com,1/3/1948,Male,London,166,102,true
0013041665,Karlee,Kemston,kkemstoncz@bing.com,3/8/1968,Female,Dublin,154,107,true
5087340180,Felic,Lathaye,flathayed0@mtv.com,5/15/1951,,Dublin,87,102,false
7963540943,Jamil,Higbin,jhigbind1@merriam-webster.com,,Male,Edimburgh,162,62,false
1135721947,Jacenta,Riveles,jrivelesd2@hud.gov,2/25/1960,Female,Edimburgh,176,115,false
5912114430,Vinni,Scini,vscinid3@omniture.com,3/6/1975,,Edimburgh,104,66,
,Elise,Wolfenden,ewolfendend4@drupal.org,9/4/1950,Female,Edimburgh,188,85,true
8724898236,Trumann,Kovelmann,tkovelmannd5@live.com,2/26/1944,Male,Edimburgh,171,100,true
7942288285,Lynnette,Squirrel,lsquirreld6@t-online.de,11/26/1962,Female,Dublin,164,86,false
,Ralina,Meachem,rmeachemd7@vistaprint.com,12/2/1971,Female,Cardiff,81,66,false
2677017830,Eleanor,Westnedge,ewestnedged8@usgs.gov,3/30/1976,Female,London,190,66,true
9401523126,Patton,Roden,prodend9@blogger.com,4/23/1980,,London,160,83,true
2607940818,Trixy,Baldin,tbaldinda@google.com.br,3/28/1946,Female,London,101,115,false
2534828231,Nataline,Carvilla,ncarvilladb@techcrunch.com,8/28/1940,,Edimburgh,115,80,true
3274257796,Portia,Trevorrow,ptrevorrowdc@apple.com,3/26/1942,Female,Cardiff,104,60,false
9889341379,Jedidiah,Amoore,jamooredd@washingtonpost.com,9/18/1969,Male,London,131,115,true
2079506021,Florie,Ambroix,fambroixde@multiply.com,3/5/1958,,Edimburgh,99,71,
4138030174,Frayda,Parish,fparishdf@acquirethisname.com,10/16/1957,Female,Edimburgh,166,91,true
3625058022,Carrol,Cockrell,ccockrelldg@freewebs.com,12/29/1957,Male,Cardiff,135,103,true
3036502343,Tadd,Pellamont,tpellamontdh@ow.ly,8/4/1968,,,,114,false
5539677072,Jemmie,Ogers,jogersdi@wp.com,10/6/1973,Female,Cardiff,92,70,true
3199737110,Lazarus,Rippingale,lrippingaledj@narod.ru,2/28/1946,Male,London,187,85,true
7996224595,Adolphe,Kingh,akinghdk@sun.com,12/7/1969,,Cardiff,134,114,true
7903249495,Martie,Perillo,mperillodl@gov.uk,4/6/1959,Female,Edimburgh,146,60,true
8680994375,Ludovico,Izakof,lizakofdm@ed.gov,12/20/1963,Male,London,102,86,true
4145161904,Celle,Dixon,cdixondn@sciencedaily.com,12/25/1956,Female,,,92,true
6239457027,Dniren,Thrift,dthriftdo@deviantart.com,11/16/1951,Female,Edimburgh,131,119,true
2803029421,Marcile,Michelmore,mmichelmoredp@bloomberg.com,4/22/1966,Female,Dublin,185,67,true
3465993594,Berta,Borborough,bborboroughdq@ucoz.ru,12/18/1944,Female,Cardiff,102,65,true
7003725401,Ferd,Keepin,fkeepindr@ed.gov,10/25/1942,Male,London,157,101,
9613811648,Gaston,Josowitz,gjosowitzds@geocities.com,2/17/1971,Male,Cardiff,76,92,
6946395603,Gwendolen,Shemelt,gshemeltdt@jalbum.net,9/30/1956,Female,Cardiff,140,114,true
7249149385,Godart,Stammler,gstammlerdu@privacy.gov.au,3/1/1970,Male,Edimburgh,88,92,true
0517018578,Raymund,Gerdes,rgerdesdv@hugedomains.com,8/24/1970,,Dublin,179,66,false
4491992495,Eddy,Angel,eangeldw@wordpress.org,1/3/1969,Female,Dublin,103,77,false
3015393960,Moreen,Vaughten,mvaughtendx@sfgate.com,7/23/1974,Female,London,78,74,true
1221034839,Carson,Brideau,cbrideaudy@freewebs.com,12/27/1962,,Cardiff,86,66,false
9906303344,Hastie,Enderle,henderledz@unblog.fr,7/9/1950,,Dublin,163,108,false
1124894225,Heloise,Wardrope,hwardropee0@hc360.com,3/23/1980,Female,Edimburgh,176,83,true
2714618286,Jerome,Nial,jniale1@123-reg.co.uk,8/8/1957,Male,Edimburgh,119,114,true
9453944246,Fremont,Devall,fdevalle2@imdb.com,12/26/1973,Male,London,153,78,false
1283088797,Marne,Trimble,mtrimblee3@howstuffworks.com,,Female,Edimburgh,128,120,false
9093803697,Kincaid,Robus,krobuse4@indiegogo.com,12/19/1955,,London,127,102,false
9720660368,Reidar,Connochie,rconnochiee5@java.com,6/26/1944,Male,Dublin,101,102,false
1746014598,Taylor,Blackaby,tblackabye6@bloglines.com,10/27/1972,,Edimburgh,180,60,false
4377534696,Archie,Alloisi,aalloisie7@nyu.edu,1/29/1961,Male,London,161,109,true
4091322069,Mal,Gummary,mgummarye8@vkontakte.ru,12/30/1959,Male,Dublin,147,106,false
1449616399,Jorge,Davydychev,jdavydycheve9@thetimes.co.uk,8/21/1972,Male,Edimburgh,185,96,true
1504940415,Darby,Jameson,djamesonea@globo.com,7/4/1977,Female,Edimburgh,112,84,false
2808508174,Thebault,Crinkley,tcrinkleyeb@go.com,6/23/1955,Male,Cardiff,84,93,true
1250348226,Wren,Paynter,wpaynterec@weebly.com,8/30/1980,Female,London,76,80,true
8605482621,Marwin,Romanini,mromaninied@infoseek.co.jp,7/10/1947,Male,Edimburgh,71,78,false
3110172488,Rossie,Cummins,rcumminsee@gizmodo.com,3/29/1978,Male,Edimburgh,139,99,false
1638749957,Arman,Pounds,apoundsef@quantcast.com,3/14/1969,Male,Edimburgh,160,110,false
9856774705,Kassi,Tassaker,ktassakereg@facebook.com,6/20/1964,Female,Dublin,78,82,
4022131349,Chadwick,Darth,cdartheh@pen.io,6/3/1953,Male,Dublin,124,84,
0486946975,Ansley,Rowena,arowenaei@mysql.com,11/20/1979,,Cardiff,171,76,false
4663660010,Colby,Dashper,cdashperej@wufoo.com,8/20/1973,,London,161,78,false
9543879699,Gibby,Meneely,gmeneelyek@opera.com,12/4/1955,Male,London,161,96,false
4039778944,Consolata,Vallery,cvalleryel@springer.com,2/24/1969,Female,Dublin,83,102,false
6969583619,Dill,Pawley,dpawleyem@oakley.com,6/4/1967,Male,London,161,84,true
7798631127,Nady,McKellar,nmckellaren@squarespace.com,12/21/1944,Female,Dublin,109,76,true
4705516737,Sheri,Postles,spostleseo@sogou.com,5/5/1943,,London,147,72,false
1633250636,My,Koppe,mkoppeep@intel.com,10/4/1941,Male,Cardiff,135,100,
5835277296,Rhodia,Lanney,rlanneyeq@rediff.com,9/20/1972,Female,,,92,false
6919599015,Alvera,Ingram,aingramer@i2i.jp,3/5/1961,,Dublin,163,66,false
3283876797,Coop,Gyrgorcewicx,cgyrgorcewicxes@networksolutions.com,1/10/1946,Male,London,149,78,true
3960019254,Anson,Birkhead,abirkheadet@istockphoto.com,7/7/1960,Male,Cardiff,144,106,false
8411789004,Lotta,Muggleston,lmugglestoneu@bloglines.com,8/31/1965,Female,Cardiff,172,69,false
4802657706,Arnuad,Thow,athowev@elpais.com,4/21/1964,Male,Edimburgh,182,84,false
8510884021,Robbert,Ephson,rephsonew@yahoo.com,4/15/1978,Male,Cardiff,73,74,
5110505039,Blake,Riggott,briggottex@google.de,11/5/1951,,Dublin,149,110,true
4672849635,Sean,Le Claire,sleclaireey@list-manage.com,1/7/1974,Male,Cardiff,139,65,true
8301482729,Felicdad,Astlet,fastletez@noaa.gov,,Female,Dublin,75,105,false
9399366480,Morse,Clink,mclinkf0@apache.org,7/18/1965,,Edimburgh,90,91,false
8935964786,Leda,Belchamp,lbelchampf1@ucoz.ru,6/28/1959,Female,Dublin,90,68,true
3395426777,Mikael,Oury,mouryf2@live.com,10/5/1946,Male,Edimburgh,152,106,false
4679479523,Gunar,Dungay,gdungayf3@discovery.com,2/9/1941,Male,London,131,84,false
9652297208,Lindsey,Crohan,lcrohanf4@mozilla.com,7/26/1949,,London,116,60,true
6258077412,Sarah,MacCaig,smaccaigf5@vk.com,12/21/1977,Female,London,111,75,false
4505654699,Kitti,Gromley,kgromleyf6@hostgator.com,8/7/1970,Female,Cardiff,78,101,true
1931982309,Morganne,Swigger,mswiggerf7@flickr.com,8/21/1975,,Cardiff,155,115,false
9756433779,Pepita,D'orsay,pdorsayf8@networkadvertising.org,9/26/1961,Female,Dublin,92,105,true
8637038700,Teddie,Edgell,tedgellf9@cnet.com,10/22/1969,Male,Dublin,75,104,
5519570817,Kyrstin,Matuschek,kmatuschekfa@alexa.com,12/20/1969,Female,Cardiff,97,111,false
7302038481,Hayyim,Tocque,htocquefb@usnews.com,3/23/1951,Male,Cardiff,94,101,true
6796597575,Kelsey,Catterall,kcatterallfc@redcross.org,4/3/1972,Male,Cardiff,145,67,true
0754521893,Gustavo,Deegin,gdeeginfd@wp.com,8/23/1956,Male,Dublin,101,108,true
4243827567,Rickey,Winston,rwinstonfe@phoca.cz,8/6/1957,Male,London,173,78,false
6522980622,Xylina,Fulbrook,xfulbrookff@irs.gov,7/15/1957,Female,Dublin,81,94,true
6609993823,Suzann,Arkell,sarkellfg@blogger.com,2/21/1962,,Cardiff,80,103,true
7915192590,Emmalyn,Hachard,ehachardfh@npr.org,7/18/1962,Female,Cardiff,88,77,true
9253229519,Panchito,Boissieux,pboissieuxfi@squidoo.com,3/15/1968,Male,Dublin,81,110,true
5327409147,Briggs,Fancutt,bfancuttfj@house.gov,1/22/1971,Male,Cardiff,146,78,
6266818477,Nanny,Fowlston,nfowlstonfk@mtv.com,12/8/1967,,Cardiff,160,64,false
8569537751,Edsel,Bulman,ebulmanfl@mediafire.com,11/1/1950,Male,Edimburgh,123,106,true
6266326957,Waylin,Loache,wloachefm@nbcnews.com,2/1/1952,Male,Dublin,135,77,false
9426039260,Budd,Stringer,bstringerfn@blogspot.com,1/10/1966,Male,London,170,96,true
9781659378,Kippie,Fewtrell,kfewtrellfo@csmonitor.com,7/12/1969,Female,Edimburgh,90,78,false
5989626592,Archaimbaud,Grieve,agrievefp@sogou.com,2/10/1968,Male,London,98,82,true
6054105264,Dudley,Hawkins,dhawkinsfq@elegantthemes.com,10/6/1970,Male,Cardiff,183,82,false
2933327252,Petronella,Reynoldson,preynoldsonfr@imdb.com,12/12/1952,Female,London,87,118,false
5194295316,Barri,Jepson,bjepsonfs@imageshack.us,3/30/1953,,London,171,77,
9702993539,Dun,Janeway,djanewayft@wired.com,8/18/1956,Male,Edimburgh,189,98,false
9390352444,Tallie,Brothwell,tbrothwellfu@google.co.jp,8/31/1965,Female,Edimburgh,154,80,true
5826774983,Elia,Buret,eburetfv@slideshare.net,10/12/1942,Male,London,146,112,false
7973422218,Nilson,Jeandel,njeandelfw@noaa.gov,8/15/1963,Male,Dublin,143,102,true
9481154599,Elsworth,Pipe,epipefx@timesonline.co.uk,10/22/1950,Male,,,80,false
5312887900,Orran,Alliott,oalliottfy@odnoklassniki.ru,10/7/1975,Male,London,148,95,
2103892399,Ebeneser,Ingray,eingrayfz@usda.gov,6/3/1969,Male,London,161,73,false
0840473257,Carlyn,Papis,cpapisg0@disqus.com,6/27/1959,,,,65,true
6132882960,Rene,Velti,rveltig1@angelfire.com,8/28/1947,Male,London,151,90,true
9232524058,Gaylord,Philp,gphilpg2@wired.com,10/18/1947,Male,London,156,90,
2051331359,Laurence,Roisen,lroiseng3@wsj.com,7/10/1950,Male,Edimburgh,94,104,true
8069725621,Silvie,Abley,sableyg4@who.int,7/28/1954,Female,Edimburgh,109,87,false
9241217243,Prentice,Cogzell,pcogzellg5@hubpages.com,11/8/1966,Male,Cardiff,84,107,false
0818061162,Lawry,Danzelman,ldanzelmang6@amazonaws.com,4/11/1978,,London,101,76,false
0395609275,Harlie,Bouller,hboullerg7@nih.gov,7/19/1948,Female,Edimburgh,132,91,true
7814664241,Reilly,Dillway,rdillwayg8@nba.com,9/6/1973,,Edimburgh,87,64,true
9103766683,Justino,Fallowfield,jfallowfieldg9@photobucket.com,3/24/1979,Male,Dublin,139,71,true
8372038457,Bentlee,Lartice,blarticega@upenn.edu,6/14/1962,Male,Dublin,183,84,false
6182034955,Roma,Aicken,raickengb@china.com.cn,5/10/1972,Male,Cardiff,119,115,false
4734215316,Trish,Johnigan,tjohnigangc@angelfire.com,6/15/1953,Female,Cardiff,98,70,false
7316108657,Erinn,Teggin,eteggingd@columbia.edu,7/29/1968,Female,Cardiff,148,116,true
9622897053,Seamus,Chilver,schilverge@meetup.com,2/28/1969,Male,Dublin,126,70,true
5313105183,Mallory,Pervoe,mpervoegf@bloglines.com,7/18/1951,Male,London,111,69,true
5809769047,Rogers,Wilgar,rwilgargg@bbb.org,7/27/1953,,Dublin,128,74,false
7367933884,Nevile,Meaking,nmeakinggh@telegraph.co.uk,3/15/1958,Male,Dublin,95,78,true
9207779315,Anne-corinne,Oldman,aoldmangi@prweb.com,7/16/1961,Female,Edimburgh,105,91,false
3096387346,Brigida,Pitrasso,bpitrassogj@nyu.edu,6/5/1960,,Edimburgh,178,82,false
3779676613,Eziechiele,Sansom,esansomgk@msn.com,3/30/1946,Male,Edimburgh,142,86,false
3531027549,Porty,Corbet,pcorbetgl@redcross.org,11/23/1945,Male,London,161,70,false
8220598581,Karney,Huthart,khuthartgm@harvard.edu,5/16/1947,Male,Dublin,75,85,false
,Ilsa,Deverock,ideverockgn@google.fr,4/27/1975,Female,Dublin,163,90,false
8687425597,Farlay,MacLucais,fmaclucaisgo@wisc.edu,10/21/1977,Male,,,100,false
1010235958,Carmel,Bassil,cbassilgp@mail.ru,1/7/1977,Female,Edimburgh,124,106,true
9905575499,Theodora,Curner,tcurnergq@sakura.ne.jp,8/16/1963,Female,Dublin,94,73,true
3655609043,Gamaliel,Compson,gcompsongr@ustream.tv,10/30/1977,,Dublin,109,84,false
3276520729,Malory,Gainseford,mgainsefordgs@vk.com,9/10/1955,Female,London,178,74,true
0814066267,Charlena,Bootherstone,cbootherstonegt@github.io,5/27/1958,Female,London,149,79,true
0083624236,Blondy,Blaine,bblainegu@wisc.edu,5/13/1978,Female,Dublin,74,96,true
0179187538,Mildred,Kiernan,mkiernangv@msu.edu,8/19/1946,Female,Cardiff,114,96,false
0236167650,Renate,Titchard,rtitchardgw@ox.ac.uk,3/19/1976,,Cardiff,162,71,false
4498661168,Brianne,Nesfield,bnesfieldgx@clickbank.net,9/5/1964,Female,Edimburgh,91,87,true
2738036627,Sherlocke,Loughney,sloughneygy@dropbox.com,1/31/1948,Male,Edimburgh,171,110,false
0698563069,Garvin,McVey,gmcveygz@newyorker.com,3/11/1954,Male,Dublin,184,97,true
7340130098,Klarika,Lawes,klawesh0@taobao.com,10/15/1952,Female,London,142,65,false
9224704476,Giraud,Olliffe,golliffeh1@flavors.me,5/14/1940,Male,London,143,68,false
5898897151,Yoshi,Sabbatier,ysabbatierh2@ucsd.edu,9/25/1941,Female,Edimburgh,190,64,true
4101580553,Riannon,Ferroni,rferronih3@godaddy.com,3/5/1945,Female,Dublin,181,85,false
5953954999,Daniele,Willimont,dwillimonth4@theglobeandmail.com,10/26/1943,Female,Dublin,139,110,false
6165241336,Sayers,Brierly,sbrierlyh5@printfriendly.com,6/18/1973,Male,Dublin,139,106,false
2934949249,Brandyn,Finley,bfinleyh6@boston.com,12/26/1944,Male,London,103,65,false
2698281359,Andrus,Breward,abrewardh7@statcounter.com,7/16/1946,,Dublin,133,83,true
2199204189,Jo,BURWIN,jburwinh8@csmonitor.com,10/15/1965,Male,Dublin,156,65,true
0144106078,Gianna,Hedgeman,ghedgemanh9@multiply.com,7/11/1971,Female,Dublin,126,109,true
5812587469,Debor,Holttom,dholttomha@newsvine.com,9/17/1953,Female,Edimburgh,115,76,
5317318564,Denys,O'Rodane,dorodanehb@reddit.com,3/25/1968,,Cardiff,147,87,true
5677808466,Keri,Pusey,kpuseyhc@xrea.com,4/23/1944,Female,Edimburgh,89,107,true
3452286827,Enriqueta,Broxholme,ebroxholmehd@meetup.com,2/17/1957,Female,Edimburgh,115,103,false
4500385681,Alene,Maydwell,amaydwellhe@icq.com,9/8/1961,Female,Dublin,70,64,
5675123636,Dermot,Weatherell,dweatherellhf@jugem.jp,6/26/1971,Male,London,107,89,true
7936998810,Quincy,Swadden,qswaddenhg@accuweather.com,1/31/1947,Male,Cardiff,81,105,false
5988856578,Inga,Oxborrow,ioxborrowhh@ibm.com,5/3/1950,Female,Edimburgh,87,71,true
9851605301,Law,Hazell,lhazellhi@weebly.com,1/14/1965,Male,Dublin,113,98,false
3612592181,Miller,Hamlington,mhamlingtonhj@prlog.org,1/1/1947,Male,Dublin,183,67,false
7770420830,Chastity,Stoppard,cstoppardhk@usatoday.com,1/13/1962,Female,Edimburgh,118,63,true
7175948794,Niels,Kenworthy,nkenworthyhl@com.com,,Male,Edimburgh,167,100,false
9479922363,Maegan,Osborn,mosbornhm@sphinn.com,9/20/1963,Female,London,147,83,false
5070373528,Iolande,Terbeck,iterbeckhn@com.com,3/3/1968,Female,Dublin,168,102,false
3206840481,Tiphani,Triggle,ttriggleho@archive.org,4/5/1940,Female,Cardiff,72,83,false
3861450135,Stewart,Klicher,sklicherhp@fema.gov,7/25/1947,Male,London,128,82,true
5293780522,Ophelia,Eades,oeadeshq@geocities.jp,2/25/1963,Female,Edimburgh,112,83,false
4505799867,Auria,McKintosh,amckintoshhr@auda.org.au,11/6/1958,,Edimburgh,174,114,false
7381344122,Zed,Olenchenko,zolenchenkohs@redcross.org,,,London,150,118,true
4600117859,Zorine,Westmorland,zwestmorlandht@mit.edu,1/11/1972,Female,Dublin,94,82,true
3484683406,Reid,Collison,rcollisonhu@un.org,,Male,Dublin,80,74,
6165937349,Roberto,Dyter,rdyterhv@123-reg.co.uk,2/10/1966,Male,London,175,100,true
6692962129,Chad,Janisson,cjanissonhw@msn.com,10/17/1974,Male,,,83,false
8990179297,Tabbie,Kramer,tkramerhx@weebly.com,10/17/1953,Female,London,130,75,true
5315657035,Anatol,Ilymanov,ailymanovhy@about.me,10/7/1967,Male,Dublin,157,106,false
4134692709,Bartolomeo,Hurd,bhurdhz@altervista.org,11/30/1952,,Dublin,176,84,true
1714529487,Ede,Huntington,ehuntingtoni0@reference.com,,,Cardiff,165,90,false
2952991774,Corty,Berth,cberthi1@histats.com,,Male,London,92,73,true
9342425364,Elsworth,Viner,evineri2@fema.gov,4/7/1964,,London,149,105,false
4448901432,Wittie,Cox,wcoxi3@aol.com,8/29/1953,Male,Cardiff,109,97,true
3624762311,Vasilis,Fitzroy,vfitzroyi4@cdbaby.com,2/7/1964,Male,Edimburgh,181,93,true
6593082295,Patric,Shufflebotham,pshufflebothami5@mapy.cz,6/18/1973,Male,Cardiff,169,106,
7782313376,Gabrielle,Birchenough,gbirchenoughi6@ted.com,4/30/1973,Female,London,179,68,false
0831060220,Ealasaid,Emanson,eemansoni7@hud.gov,9/15/1980,Female,London,133,85,false
1221306847,Deane,Coppock.,dcoppocki8@ask.com,4/18/1974,Male,Dublin,80,106,true
7938586552,Kelvin,Dickin,kdickini9@wiley.com,8/24/1947,Male,Dublin,70,64,true
4680270306,Yurik,Langstone,ylangstoneia@sphinn.com,,Male,Dublin,111,83,false
7352435425,Isaak,Gettins,igettinsib@yahoo.com,7/1/1980,Male,London,113,77,true
3108005588,Edmund,Rowswell,erowswellic@moonfruit.com,9/18/1979,Male,Edimburgh,137,78,true
5066966773,Andie,Lackney,alackneyid@nydailynews.com,5/12/1968,Female,Edimburgh,70,73,true
7796141335,Rey,Widmore,rwidmoreie@wunderground.com,7/19/1959,Male,Dublin,189,80,true
5898703624,Carena,Stobbs,cstobbsif@businesswire.com,4/22/1940,Female,London,109,94,false
2849664146,Irma,Bexon,ibexonig@techcrunch.com,2/13/1945,Female,London,151,81,true
8998141450,Lisetta,Brion,lbrionih@hp.com,8/6/1960,,Dublin,160,69,false
6421886027,Quintus,Petriello,qpetrielloii@va.gov,12/20/1942,,Dublin,113,107,true
5958446789,Brett,Swadlen,bswadlenij@dailymotion.com,12/24/1942,,Cardiff,85,85,false
8680996637,Morgan,Angrick,mangrickik@alexa.com,,Female,,,93,true
0542342995,Eric,Gittus,egittusil@about.me,5/15/1970,Male,London,88,118,false
5838614293,Kay,Guerner,kguernerim@mlb.com,3/5/1973,Female,Edimburgh,85,117,true
6451097209,Beth,Long,blongin@ifeng.com,1/10/1941,,Edimburgh,134,64,true
4172859445,Paquito,Corns,pcornsio@wikispaces.com,6/7/1946,Male,Dublin,128,105,true
5138239317,Joseph,Thoumasson,jthoumassonip@arstechnica.com,4/18/1945,Male,London,90,109,false
,Rip,Coffelt,rcoffeltiq@prweb.com,7/7/1960,Male,Edimburgh,83,103,false
0771928556,Karena,Eberlein,keberleinir@domainmarket.com,7/7/1962,,Edimburgh,160,69,false
3925967184,Mureil,Proppers,mproppersis@oaic.gov.au,12/17/1966,Female,London,144,117,false
3710454441,Brandyn,Brabben,bbrabbenit@liveinternet.ru,4/21/1943,Male,Dublin,133,93,false
4793970095,Lanette,Schiell,lschielliu@shareasale.com,8/7/1962,,London,169,63,true
1373644028,Dionysus,Bogeys,dbogeysiv@whitehouse.gov,11/9/1976,Male,London,149,101,false
6560663590,Austin,Petschel,apetscheliw@howstuffworks.com,3/21/1945,Male,Dublin,107,65,true
3048374396,Ludovika,Eschelle,leschelleix@123-reg.co.uk,6/30/1950,,London,154,110,true
9131160964,Cassandry,Tomeo,ctomeoiy@indiatimes.com,11/5/1980,Female,London,178,96,true
8876577475,Anastasie,Pollins,apollinsiz@yahoo.com,12/26/1968,Female,Edimburgh,159,102,true
6588306504,Janel,Powley,jpowleyj0@google.co.jp,1/24/1956,,Dublin,186,79,true
3968487761,Smith,Rilton,sriltonj1@nih.gov,2/21/1968,Male,Cardiff,180,68,false
4986320009,Martin,Bowen,mbowenj2@miitbeian.gov.cn,9/29/1959,Male,Cardiff,183,67,false
,Brunhilde,Pawle,bpawlej3@fastcompany.com,7/3/1963,Female,London,187,95,false
4227124816,Gustav,Blinde,gblindej4@ning.com,8/12/1963,Male,Dublin,73,85,true
0065063562,Ernesto,Pesselt,epesseltj5@oakley.com,12/26/1949,Male,London,157,105,true
9467253895,Valenka,Gregh,vgreghj6@redcross.org,2/23/1942,,Edimburgh,92,76,
4951482061,Belicia,Woolfall,bwoolfallj7@biblegateway.com,11/12/1940,,Cardiff,97,112,false
4803022763,Garwin,Pay,gpayj8@ucsd.edu,9/2/1968,Male,London,153,81,true
9753406045,Clementina,Whiteoak,cwhiteoakj9@sitemeter.com,6/17/1960,,Edimburgh,184,65,true
2588733018,Nils,Coveney,ncoveneyja@yale.edu,10/3/1960,Male,Dublin,101,62,
6892179819,Carissa,Crowth,ccrowthjb@macromedia.com,5/27/1960,Female,Dublin,112,106,false
2051786364,Lonny,Blewmen,lblewmenjc@fema.gov,4/22/1963,Male,Edimburgh,75,72,true
3611258946,Florinda,Sumsion,fsumsionjd@stanford.edu,7/21/1979,,Dublin,162,99,true
3088596446,Gretchen,Hearmon,ghearmonje@mapy.cz,7/27/1940,,London,112,105,false
2295060273,Janetta,Sparks,jsparksjf@webs.com,12/2/1945,Female,Cardiff,190,95,false
8562282707,Samuele,Mathivon,smathivonjg@cam.ac.uk,1/31/1944,Male,Dublin,81,70,false
6392390855,Kerr,Reignould,kreignouldjh@dyndns.org,7/15/1971,Male,Dublin,172,80,true
3456575173,Bobbette,Neachell,bneachellji@examiner.com,6/28/1980,Female,Edimburgh,111,117,false
0216313457,Emmalynn,Bollen,ebollenjj@ycombinator.com,5/8/1964,Female,Cardiff,181,114,false
3519903652,Dugald,Webben,dwebbenjk@google.it,1/2/1978,Male,Cardiff,118,117,false
2958907759,Nedi,Francino,nfrancinojl@wisc.edu,6/7/1971,Female,London,79,104,true
6335313952,Addia,Gookey,agookeyjm@jalbum.net,3/3/1974,Female,Dublin,72,65,true
6535816591,Sheff,Woltman,swoltmanjn@people.com.cn,,,Dublin,160,78,false
1278712054,Rawley,Braksper,rbraksperjo@wix.com,12/30/1955,Male,Cardiff,78,64,false
2442761882,Kimberly,Paulusch,kpauluschjp@edublogs.org,10/26/1965,Female,,,80,true
0440893267,Grove,Delue,gdeluejq@hc360.com,5/17/1964,Male,London,102,61,true
3738085041,Jimmie,Kobpal,jkobpaljr@boston.com,8/2/1964,Male,Dublin,148,104,true
5667278197,Dela,Gaudon,dgaudonjs@joomla.org,2/22/1941,Female,Cardiff,153,76,false
6344739096,Noland,Guild,nguildjt@jugem.jp,,Male,Cardiff,189,83,
0344201015,Sissie,Jacquet,sjacquetju@histats.com,8/12/1968,Female,Cardiff,167,112,false
4398992650,Bo,Sotworth,bsotworthjv@hubpages.com,10/11/1974,Male,London,145,113,true
5098586836,Leda,Sidwell,lsidwelljw@icq.com,12/6/1969,Female,Edimburgh,96,102,false
8607403192,Jacob,Sutlieff,jsutlieffjx@latimes.com,12/17/1979,Male,Cardiff,133,93,true
4005004741,Nollie,Beckson,nbecksonjy@hud.gov,8/16/1965,Male,Cardiff,159,61,false
7423232033,Eran,Pillifant,epillifantjz@bing.com,7/2/1979,Female,London,184,73,false
7479293402,Julieta,McOrkill,jmcorkillk0@sogou.com,7/14/1965,Female,Dublin,70,111,true
1046876740,Jerrie,Nudde,jnuddek1@ifeng.com,1/16/1944,Male,,,67,false
5902767091,Nehemiah,Schimke,nschimkek2@csmonitor.com,,Male,Edimburgh,167,74,false
3731416506,Sutherlan,Townley,stownleyk3@addtoany.com,12/11/1961,Male,Cardiff,121,77,true
9449181462,Romy,Waldock,rwaldockk4@bizjournals.com,10/24/1980,Female,Cardiff,178,98,false
,Phebe,Mallan,pmallank5@sohu.com,2/6/1945,Female,Dublin,189,76,true
6700592763,Brand,Bompas,bbompask6@techcrunch.com,8/29/1972,Male,Dublin,108,72,true
4743707196,Bridgette,Ortega,bortegak7@chicagotribune.com,5/15/1968,Female,Edimburgh,71,74,false
2320080856,Beatriz,Wilfinger,bwilfingerk8@reddit.com,,Female,London,141,75,true
6317376948,Andriana,Hebbs,ahebbsk9@kickstarter.com,,,Cardiff,133,116,false
1606959700,Ardelia,Dict,adictka@webs.com,9/4/1941,,Edimburgh,74,115,true
,Jannel,Colcomb,jcolcombkb@about.com,9/30/1955,Female,London,143,78,false
6577162956,Herc,Wieprecht,hwieprechtkc@furl.net,3/26/1972,Male,Dublin,117,88,false
3390079793,Gannon,Blackborough,gblackboroughkd@nytimes.com,2/20/1966,Male,Cardiff,136,71,true
7182386321,Kingsly,Palfery,kpalferyke@dot.gov,2/14/1956,Male,Edimburgh,80,120,true
9189914619,Sandor,Brunetti,sbrunettikf@europa.eu,12/29/1950,,Dublin,173,74,false
1200815157,Lorin,Osanne,losannekg@tiny.cc,3/15/1968,Male,London,114,65,true
9481888762,Nye,Iddiens,niddienskh@archive.org,5/25/1960,Male,Cardiff,95,114,true
1060578468,Anthia,McRinn,amcrinnki@blogspot.com,8/12/1980,,London,165,90,true
6821776601,Kristofor,Ganter,kganterkj@ox.ac.uk,9/8/1957,Male,Dublin,154,73,true
4612354117,Stanislaw,O'Murtagh,somurtaghkk@globo.com,8/24/1942,Male,Edimburgh,70,77,
6110498556,Alexine,Fielders,afielderskl@google.it,6/22/1963,Female,Dublin,144,110,false
3561981879,Layla,Vice,lvicekm@reverbnation.com,12/23/1955,Female,Cardiff,156,70,true
3115276494,Mario,Vatcher,mvatcherkn@unesco.org,3/6/1974,Male,Dublin,105,115,false
9721545953,Lemmie,MacColgan,lmaccolganko@hud.gov,12/10/1957,Male,Edimburgh,131,69,true
7546807891,Letta,Naseby,lnasebykp@chicagotribune.com,7/28/1976,Female,Dublin,163,105,true
5548488155,Saunder,Akram,sakramkq@slate.com,,Male,London,165,103,false
8569165161,Bettye,Marjanovic,bmarjanovickr@friendfeed.com,8/26/1953,Female,London,92,109,true
4745152477,Sidney,Endley,sendleyks@dot.gov,10/23/1969,Male,London,164,96,true
9549607151,Anetta,Moncey,amonceykt@cbc.ca,,Female,Cardiff,121,92,false
4823524365,Granny,Serle,gserleku@parallels.com,5/13/1948,Male,,,89,true
0755066758,Valina,Malacrida,vmalacridakv@4shared.com,1/13/1978,Female,Dublin,92,120,false
7844104961,Denny,Manifield,dmanifieldkw@illinois.edu,12/24/1944,,Edimburgh,92,61,true
1395116873,Gordie,Nurny,gnurnykx@yellowpages.com,,Male,London,130,76,true
9143744613,Curcio,Smitheman,csmithemanky@google.it,9/13/1973,Male,London,71,82,false
7808477109,Giacinta,Piquard,gpiquardkz@infoseek.co.jp,5/24/1953,Female,London,138,71,false
1276504438,Sutton,Faragher,sfaragherl0@youtu.be,2/18/1951,,Dublin,91,60,true
5245046687,Eugenia,Stendell,estendelll1@google.es,5/24/1979,Female,Cardiff,140,95,true
1257013769,Isabelle,Artis,iartisl2@zdnet.com,4/27/1952,Female,Edimburgh,84,71,true
1939805686,Ramon,Woollett,rwoollettl3@amazon.co.uk,4/16/1963,Male,London,188,73,true
6520728993,Reidar,Baldery,rbalderyl4@g.co,8/9/1965,,London,167,110,true
2867842336,Kirsteni,Ogglebie,kogglebiel5@admin.ch,7/15/1974,Female,Cardiff,118,85,true
5812355770,Ilyssa,Polk,ipolkl6@imgur.com,12/28/1973,Female,Dublin,159,117,false
9746143344,Vernice,Jorn,vjornl7@scribd.com,12/7/1962,Female,Edimburgh,145,117,true
1998638472,Gwenore,Rushbrooke,grushbrookel8@geocities.com,6/25/1954,Female,Dublin,174,72,false
8251249635,Vinnie,Barrowcliff,vbarrowcliffl9@networkadvertising.org,11/20/1976,Female,Edimburgh,162,91,true
9315328736,Rodina,Mebs,rmebsla@elpais.com,12/31/1977,Female,Dublin,186,97,true
7345974898,Janka,Vasilyevski,jvasilyevskilb@t-online.de,10/11/1953,Female,Cardiff,154,107,true
0761910506,Kyle,Leffek,kleffeklc@wired.com,3/6/1980,Male,Edimburgh,114,92,false
0201827417,Colman,Loughlan,cloughlanld@phoca.cz,,Male,Dublin,107,70,true
5133973624,Leena,Mohun,lmohunle@hubpages.com,5/1/1974,Female,Cardiff,144,63,true
1756139040,Arch,Curtain,acurtainlf@hc360.com,3/30/1973,Male,Dublin,148,86,false
3482708320,Tiphany,MacCauley,tmaccauleylg@uiuc.edu,11/23/1951,Female,Edimburgh,153,97,false
7589878391,Scottie,Whibley,swhibleylh@dell.com,10/4/1958,,London,136,120,true
0195246179,Georgena,Knightsbridge,gknightsbridgeli@printfriendly.com,8/31/1941,Female,Dublin,157,104,true
9174999370,Wallace,Furst,wfurstlj@engadget.com,12/29/1974,,London,104,91,false
4010992263,Cullie,Chadbourne,cchadbournelk@topsy.com,12/4/1958,Male,Cardiff,184,66,false
5694923022,Rosalind,Goranov,rgoranovll@soundcloud.com,3/26/1978,Female,Dublin,151,75,false
3184066517,Brandice,Fuke,bfukelm@godaddy.com,1/2/1972,Female,London,153,65,false
1642001678,Dulcy,McLugaish,dmclugaishln@sciencedirect.com,6/29/1956,,London,161,115,true
1829817256,Javier,Gowlett,jgowlettlo@hao123.com,2/17/1944,Male,Cardiff,84,87,false
3296417613,Garnet,Moorcraft,gmoorcraftlp@cmu.edu,8/15/1940,Female,Dublin,163,100,false
6065175838,Ario,Gurner,agurnerlq@berkeley.edu,11/22/1949,Male,Cardiff,97,68,false
1640216510,Finn,Glenister,fglenisterlr@myspace.com,4/28/1951,Male,Edimburgh,113,93,false
2677427443,Alyss,Blamires,ablamiresls@hhs.gov,6/28/1946,,Dublin,74,65,true
4772916628,Ignace,Ferretti,iferrettilt@dion.ne.jp,4/18/1943,Male,Cardiff,75,64,true
2159113417,Tabby,Challis,tchallislu@lulu.com,10/15/1979,Male,Dublin,165,86,true
5998482484,Ines,Studdeard,istuddeardlv@census.gov,1/25/1962,Female,Dublin,151,71,true
0485123762,Dode,Brabban,dbrabbanlw@instagram.com,2/1/1941,Female,Cardiff,125,72,false
1786679841,Carlo,Ruilton,cruiltonlx@google.co.uk,5/2/1945,,Edimburgh,149,61,true
2894231636,Sayres,Eades,seadesly@eventbrite.com,2/23/1964,Male,Dublin,77,95,true
7004648060,Hastings,MacCaughan,hmaccaughanlz@google.it,8/12/1947,Male,Dublin,124,114,false
,Nikolaus,Shrimptone,nshrimptonem0@yale.edu,8/10/1955,,Cardiff,83,72,false
1445840421,Berget,Blei,bbleim1@mac.com,6/13/1975,Female,London,98,108,true
8707720882,Moise,Scoone,mscoonem2@harvard.edu,8/1/1960,Male,Dublin,72,77,false
9187363615,Vick,Brocks,vbrocksm3@loc.gov,9/23/1956,,Cardiff,87,66,true
9739788300,Tulley,Jedrys,tjedrysm4@diigo.com,3/2/1980,Male,London,153,66,true
3381111795,Brew,Keast,bkeastm5@google.co.jp,12/26/1968,,Dublin,146,62,true
8222714813,Bartholemy,Arnaut,barnautm6@gizmodo.com,10/12/1959,Male,Edimburgh,133,84,true
,Ursola,Curtin,ucurtinm7@livejournal.com,6/17/1950,Female,Dublin,100,66,false
4885621879,Gayleen,Dhennin,gdhenninm8@godaddy.com,11/26/1965,Female,London,93,92,false
9533362596,Nelie,Hannigan,nhanniganm9@newsvine.com,3/19/1948,Female,London,177,91,true
6398196406,Lorant,Allsebrook,lallsebrookma@blogs.com,9/1/1961,Male,London,124,67,
8547417974,Muffin,Wernher,mwernhermb@gmpg.org,12/11/1956,Female,Dublin,170,99,true
1213665507,Karleen,Fawkes,kfawkesmc@tmall.com,9/10/1973,Female,Cardiff,172,105,true
7499556336,Clevie,Pautot,cpautotmd@rakuten.co.jp,1/19/1965,Male,London,107,109,false
8035663410,Sebastiano,Fulk,sfulkme@de.vu,3/2/1946,,London,99,92,false
7291120136,Brande,Caulier,bcauliermf@sina.com.cn,1/21/1950,Female,London,132,62,false
7028147320,Josiah,Vidloc,jvidlocmg@1und1.de,12/16/1941,Male,Dublin,146,92,false
0450858553,Blinni,Avramov,bavramovmh@paginegialle.it,7/19/1959,,Edimburgh,92,88,true
5390533186,Lurette,Scholler,lschollermi@com.com,9/19/1946,,London,126,95,false
2828282287,Rosalyn,Beeckx,rbeeckxmj@g.co,2/23/1951,Female,Cardiff,145,101,true
3399716125,Yuma,Pauling,ypaulingmk@goodreads.com,5/10/1954,,Edimburgh,135,113,true
2456365895,Vinita,Smithen,vsmithenml@ibm.com,10/13/1975,Female,Edimburgh,70,103,false
7238889110,Ariadne,Vasyunichev,avasyunichevmm@state.gov,,Female,Cardiff,82,65,false
3921400872,Virge,Newiss,vnewissmn@answers.com,1/25/1979,Male,Dublin,80,76,false
0648914682,Lucita,While,lwhilemo@php.net,8/5/1970,Female,Dublin,140,93,false
6607612792,Friederike,Bromehed,fbromehedmp@marriott.com,4/17/1946,Female,Dublin,162,70,false
7188776075,Meggi,Barsam,mbarsammq@sciencedirect.com,7/6/1967,Female,London,117,89,false
1697523633,Dominica,Cornejo,dcornejomr@ucoz.com,9/30/1970,Female,Dublin,159,114,true
8915718135,Laney,Kingsmill,lkingsmillms@usnews.com,4/25/1953,Female,Cardiff,134,101,false
1925220192,Chip,Piell,cpiellmt@bloglines.com,,Male,Dublin,187,94,
3982675308,Lizzy,Greenham,lgreenhammu@cbc.ca,4/30/1965,Female,Dublin,104,75,false
7322615263,Lothario,Throughton,lthroughtonmv@ihg.com,4/29/1954,Male,Edimburgh,80,100,true
6609154058,Rafferty,Huggett,rhuggettmw@tinyurl.com,1/21/1980,Male,London,103,96,false
0585312486,Chrystal,Butler,cbutlermx@amazon.co.jp,10/2/1970,Female,Edimburgh,70,84,false
,Stanwood,Corton,scortonmy@miibeian.gov.cn,12/8/1951,Male,Edimburgh,160,77,false
0870472658,Lanie,Attree,lattreemz@slideshare.net,9/28/1954,Male,Cardiff,76,97,false
8315020498,Anatola,Coy,acoyn0@comcast.net,4/23/1966,Female,London,78,71,false
4540025775,Emmie,Normansell,enormanselln1@hubpages.com,5/11/1965,Female,Dublin,100,93,true
5951571871,Margaux,Ironmonger,mironmongern2@usatoday.com,1/21/1947,Female,Cardiff,158,98,false
0767707389,Dilly,Whitbread,dwhitbreadn3@ox.ac.uk,10/30/1965,Male,Cardiff,180,62,true
8161180911,Katee,McSperron,kmcsperronn4@vistaprint.com,8/16/1952,,Edimburgh,111,65,true
7179435856,Betteann,Painter,bpaintern5@nytimes.com,,Female,Edimburgh,126,96,true
9969090410,Rhoda,Delmonti,rdelmontin6@seattletimes.com,7/23/1973,Female,Cardiff,175,91,true
2459476183,Almira,Heart,aheartn7@ovh.net,6/1/1976,,London,77,94,true
8645306441,Brnaba,Wilfinger,bwilfingern8@marriott.com,5/19/1966,Male,London,185,102,true
9786671791,Akim,Neising,aneisingn9@geocities.com,4/29/1952,Male,Cardiff,181,102,true
7849165691,Athene,Pascho,apaschona@ustream.tv,4/30/1976,,London,102,76,true
0926718800,Fannie,Gimblett,fgimblettnb@twitter.com,3/11/1979,,Dublin,112,91,false
9759989581,Mathian,Davy,mdavync@forbes.com,5/22/1962,Male,Dublin,97,60,true
0049904949,Bertram,Sibthorp,bsibthorpnd@hexun.com,11/13/1978,Male,London,149,104,true
8128646818,Roxanna,Herkess,rherkessne@mayoclinic.com,5/21/1968,Female,London,179,64,false
9768275545,Bourke,Bratton,bbrattonnf@google.ru,7/12/1962,Male,Edimburgh,120,106,false
5402868182,Zackariah,Venmore,zvenmoreng@plala.or.jp,12/23/1972,Male,Cardiff,173,69,false
3126376010,Taite,Castanone,tcastanonenh@dell.com,2/8/1978,Male,Dublin,140,89,false
3976484202,Fania,Jentet,fjentetni@cbslocal.com,3/18/1952,Female,Cardiff,143,101,false
2874012483,Marybelle,Peachment,mpeachmentnj@cargocollective.com,2/21/1961,Female,Dublin,107,61,true
8679339024,Ursulina,Hanstock,uhanstocknk@amazon.de,9/22/1972,Female,London,104,104,false
5682371429,Dolley,Couronne,dcouronnenl@jiathis.com,11/15/1965,Female,Cardiff,74,64,true
7600260735,Ginny,Weldrick,gweldricknm@miibeian.gov.cn,4/5/1966,Female,Edimburgh,142,98,true
5817495457,Matias,Caccavella,mcaccavellann@blogspot.com,11/27/1965,Male,Dublin,140,107,false
2714790127,Rivkah,Kermon,rkermonno@flavors.me,9/11/1950,,Edimburgh,94,67,true
5223637003,Peyton,Palfrie,ppalfrienp@unblog.fr,5/23/1958,Male,Cardiff,139,120,false
0607615109,Wilow,Brunone,wbrunonenq@cnet.com,7/15/1973,,London,97,69,false
2356986413,Deni,Hartill,dhartillnr@imgur.com,12/2/1970,,Dublin,109,78,false
8084767666,Keane,Perocci,kperoccins@jiathis.com,2/28/1960,,Edimburgh,83,114,false
8720135580,Jessa,Santoro,jsantoront@usnews.com,1/14/1965,Female,Edimburgh,140,68,true
7965075903,Lorene,Sigge,lsiggenu@nifty.com,1/11/1954,Female,Dublin,178,81,false
8961743090,Kelwin,Halle,khallenv@imgur.com,3/10/1969,Male,London,117,102,false
1033253170,Randene,Crucitti,rcrucittinw@prweb.com,4/15/1943,Female,Edimburgh,182,65,true
6886873776,Julia,Huniwall,jhuniwallnx@ed.gov,1/2/1950,Female,Cardiff,183,65,true
0692936874,Ulberto,Foister,ufoisterny@ucsd.edu,12/15/1971,Male,Edimburgh,133,62,true
1825213429,Gavan,Farlambe,gfarlambenz@cdc.gov,10/12/1968,Male,Dublin,144,69,true
6157626895,Terrijo,Fields,tfieldso0@imdb.com,1/21/1947,Female,London,168,76,false
5592142048,Nelson,Farre,nfarreo1@blog.com,8/19/1980,Male,London,189,64,false
4754605314,Amalie,Cordero,acorderoo2@unicef.org,10/23/1951,Female,London,189,82,false
2901403441,Rouvin,Arger,rargero3@reverbnation.com,2/8/1970,Male,London,165,70,true
0185179150,Edan,Apfelmann,eapfelmanno4@t-online.de,9/7/1980,Male,London,152,69,true
5994150800,Meghann,Perrott,mperrotto5@hatena.ne.jp,11/25/1944,Female,London,80,85,
0040465934,Ulberto,Petrollo,upetrolloo6@google.com.br,1/18/1968,Male,Dublin,116,66,true
9988276990,Cindee,Habens,chabenso7@cbc.ca,,,Cardiff,181,88,true
9387990435,Cissy,Pele,cpeleo8@house.gov,10/27/1958,Female,London,170,76,true
2141755670,Cam,Kuhne,ckuhneo9@google.com.br,1/15/1944,Male,Dublin,103,80,true
1355845904,Dre,Moret,dmoretoa@istockphoto.com,9/1/1959,,Dublin,93,65,true
4586105534,Nahum,Guise,nguiseob@artisteer.com,10/18/1942,Male,Dublin,78,114,false
1374124400,Cecily,Lestrange,clestrangeoc@pcworld.com,7/9/1972,Female,Cardiff,104,100,false
5892813649,Jason,Lighton,jlightonod@cam.ac.uk,2/3/1974,,Cardiff,91,112,true
2554132100,Tore,Fairhall,tfairhalloe@devhub.com,4/17/1966,Male,Dublin,187,120,false
8489142238,Elianora,Camamill,ecamamillof@mit.edu,4/23/1947,,Edimburgh,153,69,false
7456483949,Alex,Middlemist,amiddlemistog@time.com,6/19/1946,,Dublin,92,73,true
2070870138,Hyacinthia,Nears,hnearsoh@joomla.org,12/23/1971,Female,Cardiff,170,80,true
3983444776,Maryl,Jeromson,mjeromsonoi@businessinsider.com,5/28/1957,Female,Edimburgh,169,96,true
2865461475,Peyton,Arndt,parndtoj@yahoo.com,3/20/1970,,London,170,78,false
3418779484,Bobbie,MacCroary,bmaccroaryok@de.vu,3/8/1973,Male,London,97,60,false
1049401115,Salem,Fairey,sfaireyol@harvard.edu,10/2/1952,Male,Dublin,92,90,true
5811828683,Anatola,Izzatt,aizzattom@canalblog.com,2/8/1977,Female,Edimburgh,177,67,true
0015988236,Milena,Goch,mgochon@google.com.au,7/28/1966,Female,Edimburgh,99,96,false
9719773596,Stafani,Rebbeck,srebbeckoo@skyrock.com,9/8/1959,Female,London,107,63,true
,Fleurette,Weiss,fweissop@arizona.edu,8/19/1972,Female,Dublin,99,109,false
7936398473,Cory,Pilley,cpilleyoq@census.gov,9/9/1959,Female,Cardiff,76,88,false
3277720926,Chrisse,Dimond,cdimondor@state.gov,2/22/1966,Male,London,82,96,false
6659616616,Robin,Lantuff,rlantuffos@unc.edu,11/4/1961,Female,Edimburgh,74,110,false
0610474138,Marice,Olivetti,molivettiot@netscape.com,4/8/1949,,Edimburgh,178,112,true
2472805365,Derwin,McManamon,dmcmanamonou@japanpost.jp,9/16/1955,Male,Cardiff,186,103,false
3082205755,Corrinne,Pincked,cpinckedov@howstuffworks.com,7/18/1971,,London,78,107,false
4258006661,Brandise,Kernell,bkernellow@bluehost.com,4/8/1959,Female,Dublin,158,79,true
3232834566,Carmencita,Boice,cboiceox@meetup.com,9/24/1942,Female,,,95,false
0599688343,Agathe,Enion,aenionoy@umich.edu,12/17/1962,Female,Cardiff,126,77,false
7398601662,Camilla,Costen,ccostenoz@csmonitor.com,4/18/1963,,London,167,95,false
2212644981,Pia,Herion,pherionp0@livejournal.com,2/25/1945,Female,London,107,120,true
1900600706,Franny,Arni,farnip1@ustream.tv,12/11/1962,Male,Edimburgh,110,81,false
4629367594,Aldus,Parnell,aparnellp2@merriam-webster.com,2/17/1967,Male,Dublin,172,99,
3928117122,Giulio,Gaisford,ggaisfordp3@npr.org,4/13/1941,Male,Edimburgh,72,94,true
6577618097,Marguerite,Wetton,mwettonp4@themeforest.net,2/22/1950,,Dublin,140,119,true
3242576926,Garrik,Whiterod,gwhiterodp5@unicef.org,,Male,Dublin,110,89,false
6728652760,Karlen,Kerins,kkerinsp6@youtu.be,12/4/1943,Female,Cardiff,163,85,true
3708702107,Devland,Guinnane,dguinnanep7@usa.gov,2/21/1952,Male,Edimburgh,91,70,true
0634635743,Daisi,Gaskall,dgaskallp8@alibaba.com,3/1/1943,,Cardiff,172,69,true
9032712292,Hugo,Leathers,hleathersp9@hubpages.com,9/2/1970,Male,Cardiff,84,101,true
7706348075,Matthew,Penkethman,mpenkethmanpa@sina.com.cn,4/20/1965,Male,London,187,75,false
1000462803,Nananne,Klezmski,nklezmskipb@com.com,7/18/1978,Female,Cardiff,123,79,false
8902194655,Hildegarde,McLaughlin,hmclaughlinpc@meetup.com,5/3/1944,Female,London,122,100,false
8183888607,Darrel,Whitesel,dwhiteselpd@ezinearticles.com,5/5/1971,Male,Cardiff,114,62,true
6000133758,Donovan,Heelis,dheelispe@loc.gov,3/17/1976,Male,Edimburgh,164,102,true
6363617111,Torrey,Arndt,tarndtpf@oaic.gov.au,5/10/1954,Male,London,138,89,true
9640613649,Hank,Enrico,henricopg@pagesperso-orange.fr,3/22/1961,,Edimburgh,127,91,true
2573636658,Jae,Gascone,jgasconeph@ycombinator.com,7/15/1940,Male,Cardiff,70,114,true
4371181597,Yard,Leagas,yleagaspi@about.com,9/6/1943,Male,Dublin,157,98,true
8691185414,Mayor,Knowller,mknowllerpj@rakuten.co.jp,5/1/1975,Male,Edimburgh,102,102,true
0713910690,Alwyn,Bahike,abahikepk@jimdo.com,5/6/1943,Male,Dublin,154,118,false
1678732117,Kathi,Jahn,kjahnpl@prnewswire.com,2/14/1957,,Cardiff,156,85,false
3410692592,Fran,Payley,fpayleypm@netscape.com,5/12/1971,Female,London,146,76,true
2960748891,Arline,Heminsley,aheminsleypn@yahoo.com,9/3/1951,Female,Dublin,116,77,true
8276019692,Maryl,Kepling,mkeplingpo@disqus.com,9/25/1961,Female,,,89,false
1493791079,Eduino,Scarce,escarcepp@bbb.org,2/11/1968,Male,London,147,65,
2854862619,Carlie,Kinnett,ckinnettpq@baidu.com,12/28/1961,Female,Edimburgh,161,95,
6580168161,Adair,Ulyat,aulyatpr@slashdot.org,10/24/1967,Male,Dublin,86,81,false
2546843818,Richmound,Zoanetti,rzoanettips@surveymonkey.com,2/17/1963,Male,Cardiff,113,75,true
4112128630,Grannie,Stubbings,gstubbingspt@youtube.com,12/18/1943,Male,London,131,84,true
7490486335,Alwin,Barnett,abarnettpu@nasa.gov,5/18/1965,Male,Edimburgh,167,77,false
9576057310,Paco,Van Arsdale,pvanarsdalepv@bluehost.com,2/13/1952,,Edimburgh,147,87,false
9767414711,Roanna,Kitlee,rkitleepw@ft.com,9/10/1940,Female,Edimburgh,161,70,true
1799971163,Jonathan,Strangwood,jstrangwoodpx@bbb.org,11/26/1977,,Edimburgh,179,64,true
5051342779,Ede,Poyser,epoyserpy@earthlink.net,8/12/1967,Female,Dublin,136,82,false
9727824110,Christophorus,Clines,cclinespz@foxnews.com,12/7/1980,,Cardiff,100,103,false
9113798359,Wilmer,Stovine,wstovineq0@bing.com,12/13/1943,Male,Cardiff,146,76,false
1897323670,Fidel,Chennells,fchennellsq1@java.com,7/5/1950,Male,London,104,89,true
9473637586,Hardy,Boat,hboatq2@comcast.net,7/15/1962,Male,Cardiff,138,82,true
1165725215,Gail,Henrichsen,ghenrichsenq3@weather.com,12/9/1950,Male,Edimburgh,117,82,true
3189612501,Gradeigh,Driver,gdriverq4@about.com,4/27/1948,Male,London,134,88,false
9863107433,Fern,Rosenstiel,frosenstielq5@ihg.com,,Female,Edimburgh,180,99,true
4317975726,Lauralee,Sinnett,lsinnettq6@tripadvisor.com,7/21/1944,Female,Dublin,182,109,false
2826936034,Loy,Peat,lpeatq7@wiley.com,8/29/1957,,London,122,67,true
8588367483,Nonie,Coronas,ncoronasq8@huffingtonpost.com,11/13/1980,Female,Cardiff,117,61,true
0023620463,Rob,Barus,rbarusq9@paginegialle.it,8/31/1963,Male,Dublin,123,109,false
8266204411,Rice,Bettanay,rbettanayqa@google.co.uk,3/19/1966,Male,Edimburgh,175,91,false
5964576672,Selestina,De Courtney,sdecourtneyqb@examiner.com,2/11/1942,Female,Edimburgh,181,98,false
6346784897,Jasmina,Frake,jfrakeqc@globo.com,1/27/1960,Female,Dublin,130,74,false
9700628868,Iain,Fydoe,ifydoeqd@shutterfly.com,4/12/1961,Male,Dublin,161,116,false
2380390517,Robin,Hrycek,rhrycekqe@acquirethisname.com,1/16/1947,Male,Edimburgh,166,80,false
9860376042,Horacio,Treadger,htreadgerqf@wikimedia.org,11/19/1947,,London,188,91,false
8044047263,Gwendolin,McCaig,gmccaigqg@nps.gov,5/3/1940,Female,London,139,72,true
2381723099,Barthel,Daniele,bdanieleqh@woothemes.com,3/14/1973,Male,Dublin,168,77,true
7609309753,Mattie,Badrick,mbadrickqi@acquirethisname.com,7/30/1971,,Edimburgh,168,106,false
1168774969,Gelya,Ettels,gettelsqj@cargocollective.com,,Female,Dublin,148,96,true
2477286064,Job,Van Salzberger,jvansalzbergerqk@princeton.edu,5/30/1954,Male,London,115,120,true
9795020099,Marcelia,Casajuana,mcasajuanaql@tinyurl.com,1/27/1947,Female,Edimburgh,151,119,true
5471510429,Nat,Snoxell,nsnoxellqm@epa.gov,12/2/1959,Male,Dublin,188,74,false
5039012756,Ulrich,Benford,ubenfordqn@tinyurl.com,4/27/1940,Male,Dublin,80,89,true
0916386376,Duncan,Copcutt,dcopcuttqo@arizona.edu,3/22/1961,Male,Dublin,141,92,true
6481081157,Jourdain,Fibben,jfibbenqp@fc2.com,10/2/1949,Male,Dublin,156,100,false
9148038334,Boigie,Dory,bdoryqq@google.es,3/17/1963,Male,London,173,98,
7475335925,Denney,Birrell,dbirrellqr@ycombinator.com,8/1/1947,,Cardiff,113,95,false
6109064475,Nat,MacAlpin,nmacalpinqs@businessweek.com,11/2/1945,,Dublin,71,66,false
0094462224,Katina,Reeds,kreedsqt@mail.ru,3/5/1951,Female,Cardiff,78,107,false
8212894045,Henka,Housin,hhousinqu@hud.gov,2/6/1967,Female,Cardiff,157,99,false
9509449180,Cathleen,Ion,cionqv@blinklist.com,1/6/1964,,Dublin,134,82,true
6387669170,Marmaduke,Caulwell,mcaulwellqw@joomla.org,4/2/1975,,Edimburgh,122,62,false
9612857253,Hershel,Borgesio,hborgesioqx@theglobeandmail.com,5/24/1979,Male,Cardiff,167,87,true
6125480402,Terrel,Parr,tparrqy@wikispaces.com,6/30/1976,Male,Edimburgh,149,102,false
0517101408,Shell,Brandi,sbrandiqz@zdnet.com,6/23/1953,Female,London,159,114,true
,Cammi,Sherman,cshermanr0@deviantart.com,10/4/1978,Female,Dublin,181,84,true
6600280816,Julina,Mathison,jmathisonr1@tinypic.com,3/5/1963,Female,Dublin,113,120,false
0288290011,Waly,Beakes,wbeakesr2@stumbleupon.com,11/4/1953,Female,Cardiff,187,109,true
0591452820,Sky,McKeaney,smckeaneyr3@blogspot.com,9/14/1950,Male,Edimburgh,184,67,false
3140938861,Julieta,Giacomasso,jgiacomassor4@who.int,11/24/1961,Female,Edimburgh,151,104,true
4392619850,Robinet,Gatty,rgattyr5@yelp.com,,Female,Edimburgh,190,68,
5606344793,Dame,Paolazzi,dpaolazzir6@tamu.edu,2/27/1951,Male,Dublin,185,117,
4940323137,Kaitlynn,Signe,ksigner7@businessinsider.com,7/25/1949,Female,Dublin,151,120,false
1009331809,Alidia,Rudham,arudhamr8@google.com.au,8/30/1972,Female,London,79,91,false
1179487591,Barnebas,Bulbrook,bbulbrookr9@eventbrite.com,12/12/1953,Male,Dublin,97,70,true
7933524079,Fabio,Farlambe,ffarlambera@bloglines.com,8/13/1977,Male,London,180,99,false
,Graig,Ruprich,gruprichrb@sohu.com,9/29/1975,Male,Cardiff,116,78,true
5155518644,Audrye,Paddingdon,apaddingdonrc@washingtonpost.com,1/10/1978,Female,Dublin,125,82,false
6726791828,Iosep,Olijve,iolijverd@answers.com,12/20/1971,Male,Edimburgh,166,91,true
5194999038,Coleman,Sommersett,csommersettre@odnoklassniki.ru,4/30/1961,Male,Dublin,166,89,false
2518111018,Packston,Hardeman,phardemanrf@ow.ly,5/5/1965,Male,London,98,82,false
4553247011,Judi,Gration,jgrationrg@upenn.edu,,Female,London,132,102,
5442071536,Margette,Prozillo,mprozillorh@dailymail.co.uk,12/29/1943,,Cardiff,155,113,true
6005921711,Sheilah,Chong,schongri@tripadvisor.com,9/18/1972,,London,94,101,true
7284672765,Briant,Boyet,bboyetrj@bluehost.com,9/15/1979,Male,Dublin,120,70,false
6923459419,Delora,Baudichon,dbaudichonrk@xrea.com,2/7/1942,,Edimburgh,106,64,true
3628493188,Aubine,Tiptaft,atiptaftrl@hhs.gov,6/30/1976,Female,Cardiff,91,113,true
9884390150,Beatrice,Bodycomb,bbodycombrm@quantcast.com,4/18/1940,Female,Dublin,154,109,false
4234385085,Jobye,Applegate,japplegatern@last.fm,4/27/1946,Female,Dublin,100,112,true
0928689042,Geoffrey,O'Brogan,gobroganro@dell.com,9/3/1960,Male,Edimburgh,97,68,true
7564981830,Seka,Capineer,scapineerrp@senate.gov,10/20/1960,Female,London,121,70,true
1712450441,Patric,Buske,pbuskerq@reference.com,3/4/1950,,Dublin,152,74,false
8723466472,Kaleena,Forre,kforrerr@reverbnation.com,2/24/1966,Female,London,103,74,false
