ss_number,first_name,last_name,email,birthday,gender,city,sys,dia,overweight
2435111517,Bellanca,Hancill,bhancill0@parallels.com,5/24/1977,Female,Barcelona,138.681,96,false
0156178427,Brody,Sneezem,bsneezem1@bizjournals.com,11/5/1969,Male,Bilbao,92.5994,72,true
5365657039,Hatty,Roumier,hroumier2@qq.com,3/21/1957,Female,Bilbao,120.6066,63,true
9454941313,Rowland,Rowston,rrowston3@google.de,7/1/1960,Male,Valencia,92.9516,96,false
7946598092,Thorndike,Kimmitt,tkimmitt4@sphinn.com,2/19/1971,Male,Barcelona,158.9144,105,true
8447023281,Jed,Gowrie,jgowrie5@sciencedirect.com,2/15/1958,Male,Bilbao,175.8011,106,false
6154862210,Talia,Boagey,tboagey6@wsj.com,7/29/1974,Female,Sevilla,108.2147,109,true
,Alvis,Ryrie,aryrie7@com.com,3/26/1975,Male,Barcelona,97.6603,115,true
8497736680,Berty,McKie,bmckie8@rakuten.co.jp,9/5/1978,Female,Bilbao,142.4008,68,true
3538868271,Persis,Arnal,parnal9@census.gov,10/19/1980,Female,Valencia,180.4507,98,true
8401845785,Linn,Ganter,lgantera@economist.com,7/24/1950,Female,Valencia,136.9455,104,true
6158526142,Raphael,Begwell,rbegwellb@furl.net,2/6/1957,Male,Madrid,174.765,103,true
3094358896,Granthem,Clarricoates,gclarricoatesc@printfriendly.com,,Male,Barcelona,119.2905,64,false
6157811056,Georgie,Speller,gspellerd@nasa.gov,12/2/1970,Female,Bilbao,120.292,119,false
9698655905,Wolfgang,Jellyman,wjellymane@princeton.edu,8/25/1957,Male,Barcelona,164.399,90,
0514725680,Alta,Feak,afeakf@skype.com,2/2/1971,,,180.1887,109,true
3720597741,Moira,McGraith,mmcgraithg@marriott.com,9/1/1959,Female,Madrid,189.9111,113,true
0544262360,Heath,Patriskson,hpatrisksonh@cbslocal.com,11/13/1959,Male,Valencia,138.9737,79,false
0651453445,Ruthanne,Silvester,rsilvesteri@parallels.com,8/1/1979,Female,Sevilla,134.1499,117,false
8152572837,Bunnie,Mc Corley,bmccorleyj@wikipedia.org,12/25/1978,,,131.1935,83,true
4075573559,Baryram,Rogans,brogansk@aol.com,4/25/1959,Male,Valencia,106.5568,113,true
5472250331,Ermengarde,Enric,eenricl@howstuffworks.com,1/25/1977,Female,Valencia,95.6035,101,false
7969886469,Jacques,Jessup,jjessupm@csmonitor.com,12/13/1956,Male,Bilbao,140.8076,72,true
5975391040,Jephthah,Dmiterko,jdmiterkon@youtube.com,4/30/1961,Male,Madrid,171.3788,85,false
2696458529,Alis,Daggett,adaggetto@gmpg.org,12/9/1966,Female,Valencia,120.206,60,false
0430595662,Donielle,Devereux,ddevereuxp@skype.com,10/26/1956,,,137.1854,74,true
0522998291,Krista,Rains,krainsq@a8.net,4/24/1980,Female,Sevilla,80.0813,74,true
6703829381,Ingeborg,Roos,iroosr@patch.com,12/9/1970,Female,Madrid,99.1218,93,true
7036803819,Walton,Edwicke,wedwickes@over-blog.com,12/1/1948,Male,Sevilla,119.0058,85,false
6303043321,Aldwin,Arend,aarendt@census.gov,4/16/1952,Male,Bilbao,77.5162,91,true
9102170205,Nevsa,Elt,neltu@hc360.com,11/15/1964,Female,Valencia,162.276,73,true
5067254572,Val,McIleen,vmcileenv@github.com,1/10/1941,Male,Valencia,97.6109,75,false
6231826015,Moise,Dimitriev,mdimitrievw@i2i.jp,6/29/1960,Male,Bilbao,116.7947,60,true
8175031174,Glendon,Froude,gfroudex@netlog.com,3/30/1970,Male,Madrid,101.466,117,false
4827185913,Dugald,Jeffes,djeffesy@yandex.ru,2/28/1966,Male,Valencia,132.4373,77,true
1535136979,Pascal,Paddemore,ppaddemorez@list-manage.com,5/29/1972,Male,Valencia,106.8681,115,true
7427894383,Russell,Theseira,rtheseira10@goo.ne.jp,9/17/1973,Male,Madrid,164.0414,94,true
8602201486,Bobbee,Abbess,babbess11@utexas.edu,,Female,Madrid,99.0588,101,true
4824280079,Colas,Petofi,cpetofi12@bloglines.com,9/30/1952,Male,Sevilla,108.6267,94,true
0961598727,Mario,Pinnick,mpinnick13@elpais.com,6/6/1944,Male,Bilbao,71.3527,64,false
1914218418,Pierce,Eick,peick14@va.gov,3/10/1969,Male,Sevilla,108.913,79,true
1611345200,Barney,Thonason,bthonason15@discuz.net,2/8/1963,Male,Valencia,177.8688,112,false
4177199214,Tabb,Hughlin,thughlin16@i2i.jp,12/13/1969,Male,Bilbao,157.9058,117,false
9841995263,Dominik,Matous,dmatous17@va.gov,2/10/1967,Male,Valencia,119.2311,114,false
1359210261,Wain,Coolbear,wcoolbear18@rambler.ru,4/11/1980,Male,Madrid,115.4387,74,false
1668097559,Lindsay,Kobpac,lkobpac19@imdb.com,6/25/1980,Male,Sevilla,90.7464,116,true
0755609913,Karoly,Mole,kmole1a@twitter.com,5/23/1969,,,91.2501,95,false
9279096443,Cyril,Nodes,cnodes1b@themeforest.net,12/18/1953,Male,Madrid,123.3719,78,true
5658653800,Yuma,Hallifax,yhallifax1c@utexas.edu,12/17/1974,Male,Bilbao,164.7255,107,true
9482930029,Durand,Bamborough,dbamborough1d@pinterest.com,11/17/1956,Male,Barcelona,188.4874,115,false
0291128211,Bradly,Rankcom,brankcom1e@bizjournals.com,8/5/1973,Male,Barcelona,125.2011,103,false
3276178893,Domeniga,Carmody,dcarmody1f@bravesites.com,3/19/1953,Female,Barcelona,88.3188,107,false
8263517818,Tanitansy,Sange,tsange1g@de.vu,1/16/1973,Female,Sevilla,97.8565,100,
7173383587,Bruce,Brotherhood,bbrotherhood1h@sciencedirect.com,12/27/1974,Male,Madrid,151.421,95,false
8894434427,Pepi,Hardstaff,phardstaff1i@clickbank.net,9/18/1978,Female,Valencia,114.2843,66,false
1228333408,Ivar,Seaman,iseaman1j@cocolog-nifty.com,11/27/1968,Male,Bilbao,179.5711,76,true
8594443358,Shawn,Conwell,sconwell1k@apache.org,12/30/1946,Female,Sevilla,172.1787,112,false
6893142986,Lorry,Mayman,lmayman1l@cornell.edu,12/20/1963,Female,Bilbao,180.4253,74,true
9489514322,Kerry,Schoenrock,kschoenrock1m@purevolume.com,7/1/1951,Female,Bilbao,106.403,86,false
6631066638,Gael,Cadalleder,gcadalleder1n@patch.com,6/4/1957,Female,Barcelona,187.4786,87,false
3859691813,Josefina,Steggals,jsteggals1o@a8.net,7/25/1946,Female,Bilbao,177.4713,85,
3745471504,Shellysheldon,Sedge,ssedge1p@slashdot.org,7/3/1945,Male,Valencia,83.1035,92,false
8576938200,Isahella,Pawellek,ipawellek1q@miibeian.gov.cn,7/9/1955,Female,Madrid,183.4067,105,true
1065390424,Charlene,Bucham,cbucham1r@jimdo.com,10/25/1957,Female,Barcelona,124.6727,92,false
4558748124,Myranda,Dissman,mdissman1s@samsung.com,6/25/1943,Female,Sevilla,120.2545,91,
6311655276,Devin,Rosborough,drosborough1t@histats.com,11/27/1960,Male,Valencia,162.7009,104,false
7691523351,Julie,Anstey,janstey1u@a8.net,4/23/1973,Male,Valencia,111.5471,100,true
8468533777,Tracie,Ericssen,tericssen1v@latimes.com,1/30/1964,Female,Valencia,97.832,65,false
0448260921,Tamarra,Laurenty,tlaurenty1w@goo.gl,9/10/1965,Female,Sevilla,148.8048,97,false
0808073680,Guinna,Burnes,gburnes1x@wikipedia.org,7/3/1959,Female,Madrid,116.7105,117,false
8874180853,Vail,Gieves,vgieves1y@nih.gov,11/25/1961,Male,Madrid,170.5869,107,false
6134683426,Franklin,Duerdin,fduerdin1z@diigo.com,10/24/1945,Male,Sevilla,115.2577,74,false
3255934893,Norah,Ritch,nritch20@cbc.ca,11/7/1955,Female,Madrid,109.717,88,false
6976802185,Fanechka,Schiersch,fschiersch21@biblegateway.com,11/8/1974,Female,Valencia,145.213,85,false
2901640648,Budd,Labrone,blabrone22@sakura.ne.jp,6/10/1966,Male,Bilbao,95.0892,76,false
4877904034,Temple,Burnapp,tburnapp23@wired.com,,Male,Sevilla,92.7423,69,true
5516414687,Bo,Salamon,bsalamon24@opensource.org,8/8/1959,Male,Bilbao,126.3521,61,true
9588494877,Ario,Schwerin,aschwerin25@dyndns.org,2/2/1967,Male,Madrid,168.3173,116,false
8119583930,Conrado,Smout,csmout26@odnoklassniki.ru,7/23/1945,Male,Valencia,140.0068,119,true
2731081791,Franky,Dennehy,fdennehy27@mac.com,7/28/1977,Female,Sevilla,176.5785,71,true
2307353895,Averill,Kauffman,akauffman28@fda.gov,4/28/1942,Male,Valencia,127.8618,84,
4790408043,Dyanne,Kitchingham,dkitchingham29@microsoft.com,7/1/1977,Female,Barcelona,108.9649,114,false
6895742697,Shandeigh,Hannaway,shannaway2a@multiply.com,10/30/1947,Female,Valencia,118.3103,101,true
9714433401,Denis,Spall,dspall2b@netlog.com,,Male,Valencia,97.6349,109,false
4495619764,Ruy,Patience,rpatience2c@chicagotribune.com,10/7/1960,Male,Valencia,154.9997,96,false
2746283263,Riordan,Dallow,rdallow2d@topsy.com,10/24/1957,Male,Sevilla,174.4326,83,false
3369688913,Yettie,Grennan,ygrennan2e@thetimes.co.uk,2/20/1946,Female,Bilbao,147.9333,119,true
5221118505,Gearalt,Segeswoeth,gsegeswoeth2f@ft.com,2/15/1952,Male,Madrid,157.9302,116,false
3357233169,Jaye,Kervin,jkervin2g@moonfruit.com,9/3/1973,Male,Valencia,131.8753,78,true
1125498331,Griffith,Klima,gklima2h@hatena.ne.jp,5/16/1955,Male,Barcelona,135.5885,119,false
2383885819,Oates,Inglesant,oinglesant2i@intel.com,11/5/1960,Male,Madrid,179.2766,109,false
7887327822,Dario,Sultana,dsultana2j@rambler.ru,6/3/1944,Male,Bilbao,160.685,61,true
,Mallissa,Blackster,mblackster2k@qq.com,2/2/1947,Female,Barcelona,176.4332,62,false
0614697557,Chane,de Almeida,cdealmeida2l@ning.com,3/2/1942,Male,Barcelona,112.3487,62,false
7581520994,Marcie,Malicki,mmalicki2m@google.de,5/29/1957,Female,Madrid,73.7593,102,true
1148583025,Beckie,Lauret,blauret2n@miitbeian.gov.cn,4/5/1968,Female,Valencia,122.5037,110,true
4189446025,Olenolin,Airs,oairs2o@gnu.org,12/22/1942,Male,Barcelona,89.8427,82,false
8997458353,Ev,Ventum,eventum2p@networkadvertising.org,6/30/1954,Male,Bilbao,110.8191,86,false
0063695383,Waverley,Carne,wcarne2q@arizona.edu,8/26/1964,Male,Bilbao,100.2773,74,false
5153923231,Lodovico,Petrozzi,lpetrozzi2r@homestead.com,6/27/1940,Male,Sevilla,123.4699,84,false
9877122103,Minetta,Winship,mwinship2s@hugedomains.com,2/26/1950,Female,Valencia,118.7298,97,false
8473505018,Veronike,Gonzalo,vgonzalo2t@mozilla.com,4/24/1964,Female,Sevilla,156.0051,112,false
8504886042,Lincoln,Bartod,lbartod2u@acquirethisname.com,1/27/1953,Male,Bilbao,153.58,92,false
8614155220,Ebenezer,Hacard,ehacard2v@zimbio.com,3/26/1963,Male,Madrid,182.5401,71,true
2555178724,Mathias,Klaesson,mklaesson2w@sohu.com,11/23/1953,Male,Barcelona,92.4978,87,true
5336294152,Puff,Jansik,pjansik2x@baidu.com,5/11/1977,Male,Valencia,100.4156,73,true
3438328607,Tabby,Dartnall,tdartnall2y@google.cn,5/2/1969,Male,Sevilla,123.8317,118,false
0979650607,Marsh,Seath,mseath2z@shutterfly.com,6/4/1962,Male,Valencia,126.2885,75,false
1519167717,Belita,Etridge,betridge30@utexas.edu,,Female,Bilbao,158.2493,70,false
1250257174,Catarina,Robken,crobken31@mashable.com,10/15/1979,Female,Sevilla,94.827,106,
8761694959,Rene,Tear,rtear32@1688.com,7/26/1955,Male,Madrid,98.3516,81,false
8021027851,Bondon,Buckmaster,bbuckmaster33@soup.io,6/4/1955,Male,Valencia,138.8665,74,true
8460787060,Lyle,Matterson,lmatterson34@google.it,3/30/1947,Male,Madrid,98.799,96,true
1217875190,Dallas,Leroux,dleroux35@spotify.com,2/23/1954,Male,Madrid,95.2707,97,true
3142869476,Elizabeth,Casper,ecasper36@usgs.gov,9/22/1961,Female,Madrid,138.2458,116,false
9806856783,Vikki,Lamont,vlamont37@nifty.com,9/9/1966,Female,Barcelona,76.5879,66,false
3113353483,Pietrek,Coaten,pcoaten38@usa.gov,4/12/1957,Male,Madrid,166.8014,115,false
6643088968,Lorenzo,Writer,lwriter39@miitbeian.gov.cn,2/22/1941,Male,Bilbao,139.9296,99,true
4998243845,Norina,Davidge,ndavidge3a@sfgate.com,2/7/1956,Female,Barcelona,160.1005,102,true
2960852605,Daryl,Heyfield,dheyfield3b@odnoklassniki.ru,11/28/1969,Male,Madrid,154.0065,112,false
4018272766,Leone,Maslin,lmaslin3c@google.ru,3/23/1960,Female,Bilbao,79.0387,76,false
2102387534,Boniface,Glawsop,bglawsop3d@odnoklassniki.ru,8/14/1964,Male,Valencia,103.1042,108,true
9836802460,Carolee,Saffrin,csaffrin3e@smh.com.au,1/10/1971,Female,Madrid,86.8564,93,false
7902539627,Joela,Joist,jjoist3f@sourceforge.net,2/19/1949,Female,Bilbao,184.1881,93,false
2485505179,Gaby,Catterall,gcatterall3g@posterous.com,8/7/1974,Female,Sevilla,112.3527,60,false
1388686236,Barth,Cullnean,bcullnean3h@barnesandnoble.com,9/10/1962,Male,Sevilla,189.5209,78,true
3317388404,Hannah,Wing,hwing3i@msu.edu,12/13/1976,Female,Sevilla,185.9942,118,false
7576981318,Holmes,Softley,hsoftley3j@mozilla.org,2/7/1946,Male,Madrid,160.8086,107,false
7330877999,Bart,Coytes,bcoytes3k@blogtalkradio.com,4/21/1944,Male,Madrid,161.7687,85,true
1711390348,Salomo,Stailey,sstailey3l@yahoo.co.jp,12/1/1967,Male,Barcelona,99.9118,83,true
6879441157,Feodora,Torritti,ftorritti3m@t-online.de,8/5/1964,Female,Barcelona,176.6024,78,
1816997358,Darb,Windle,dwindle3n@bloglovin.com,7/7/1964,Male,Bilbao,141.2959,120,false
7326240817,Noelyn,Vedyaev,nvedyaev3o@baidu.com,6/25/1965,Female,Valencia,169.6986,66,false
5453163860,Vern,Endersby,vendersby3p@sciencedirect.com,12/9/1972,Male,Madrid,155.2626,95,false
2528131860,Phylis,Kench,pkench3q@newyorker.com,4/20/1960,Female,Bilbao,117.9418,96,true
9605686082,Taber,Huton,thuton3r@nbcnews.com,5/4/1966,Male,Sevilla,108.2006,79,false
6044942872,Grenville,Rabley,grabley3s@admin.ch,5/1/1971,Male,Madrid,185.9716,114,true
9283380525,Kari,Turfitt,kturfitt3t@youku.com,5/13/1944,Female,Sevilla,182.3049,103,true
2226128794,Judith,Manis,jmanis3u@geocities.jp,2/9/1956,Female,Bilbao,150.7828,97,false
6492247191,Morganne,Gandey,mgandey3v@devhub.com,6/7/1948,Female,Barcelona,84.9676,84,false
0042759692,Sofia,Sawter,ssawter3w@devhub.com,11/13/1948,Female,Madrid,158.2732,98,false
9313144921,Traver,Kluss,tkluss3x@sourceforge.net,4/21/1962,Male,Sevilla,87.1627,109,true
2607785618,Joycelin,Traill,jtraill3y@wikia.com,10/15/1954,Female,Valencia,189.8137,100,false
9367049668,Brod,Barnett,bbarnett3z@alexa.com,6/26/1979,Male,Madrid,174.7882,103,false
4854914963,Dennet,Passingham,dpassingham40@dedecms.com,3/22/1969,Male,Sevilla,166.9569,108,false
2920334867,Lissi,Mauger,lmauger41@nymag.com,11/2/1976,Female,Barcelona,146.5296,83,false
4623492877,Marleah,Macias,mmacias42@acquirethisname.com,11/27/1978,Female,Bilbao,149.3103,60,true
2855892570,Chicky,Hendin,chendin43@blogspot.com,1/3/1946,Male,Bilbao,125.3187,117,false
5571376783,Neala,Rozec,nrozec44@slate.com,8/26/1974,Female,Bilbao,142.3185,104,true
9150511335,Robina,Wloch,rwloch45@mozilla.org,,Female,Valencia,122.9892,85,true
9234343549,Mateo,Tubb,mtubb46@shinystat.com,11/27/1957,Male,Bilbao,102.0439,109,true
9918334916,Angele,Stilliard,astilliard47@blinklist.com,3/20/1958,Female,Bilbao,157.7976,73,false
4467999248,Jehanna,Harston,jharston48@theglobeandmail.com,,Female,Sevilla,178.5918,96,false
3567630644,Gian,Pallent,gpallent49@nytimes.com,10/20/1962,Male,Barcelona,79.3127,74,false
6480005953,Courtney,Buck,cbuck4a@ehow.com,9/17/1953,Male,Bilbao,179.8158,102,true
5670154681,Wendall,Bowgen,wbowgen4b@ox.ac.uk,10/4/1957,Male,Sevilla,110.1524,107,false
8638619294,Kaye,Townes,ktownes4c@1und1.de,1/21/1956,Female,Valencia,163.3658,116,true
0866628452,Gwenni,Burdekin,gburdekin4d@tinyurl.com,8/14/1941,Female,Barcelona,80.7182,94,false
6246783422,Matty,Lambertz,mlambertz4e@youku.com,1/13/1967,Male,Sevilla,186.4547,63,true
6407137403,Haley,Loftie,hloftie4f@netlog.com,,Male,Valencia,129.2241,79,false
9729045712,Ira,MacWilliam,imacwilliam4g@example.com,11/27/1960,Female,Barcelona,189.2805,98,true
1149307773,Chan,Hilhouse,chilhouse4h@storify.com,11/1/1963,Male,Sevilla,110.9176,100,true
3481035926,Lilian,Stansbie,lstansbie4i@yahoo.co.jp,5/19/1958,Female,Valencia,91.2289,87,
1106130367,Lilian,Blumire,lblumire4j@mashable.com,7/31/1958,,,88.6403,101,true
6212669457,Sydel,Grundle,sgrundle4k@utexas.edu,11/6/1950,Female,Madrid,149.4428,78,true
8573149957,Marielle,Greenside,mgreenside4l@gmpg.org,6/2/1976,Female,Madrid,154.3454,66,true
2828205037,Lizzie,Semeniuk,lsemeniuk4m@patch.com,8/7/1946,Female,Sevilla,189.8592,81,true
9851209929,Anthea,Haet,ahaet4n@vkontakte.ru,5/27/1979,Female,Madrid,129.1554,92,true
9921685058,Fabien,Shay,fshay4o@webs.com,5/27/1968,Male,Bilbao,163.234,111,true
5587098923,Thom,Thunnercliffe,tthunnercliffe4p@ameblo.jp,11/15/1950,Male,Madrid,88.4606,115,false
9531318549,Ambrose,Twells,atwells4q@e-recht24.de,9/16/1974,Male,Barcelona,76.3259,85,true
6535695646,Petronilla,Rainton,prainton4r@51.la,8/6/1949,Female,Bilbao,124.4406,113,true
0225974959,Sal,Kropp,skropp4s@goo.gl,1/2/1967,Male,Madrid,151.5265,116,true
7985023607,Lizbeth,Claypoole,lclaypoole4t@indiatimes.com,11/17/1967,Female,Valencia,103.4889,87,
,Sherry,Girodon,sgirodon4u@yale.edu,9/25/1979,Female,Barcelona,138.8328,107,false
6019953998,Marla,Crummey,mcrummey4v@ycombinator.com,5/13/1953,Female,Sevilla,182.8263,64,false
8159909624,Dian,Silverwood,dsilverwood4w@ycombinator.com,1/17/1956,Female,Bilbao,162.4436,100,false
7148564549,Abeu,Bennike,abennike4x@hugedomains.com,9/27/1980,Male,Sevilla,141.4591,90,false
7872040549,Phelia,Blaine,pblaine4y@mysql.com,4/6/1969,Female,Valencia,78.0404,88,false
6921709973,Mitchael,Knibbs,mknibbs4z@google.co.uk,5/16/1974,Male,Bilbao,155.5678,119,false
8628568239,Margette,Fishbourne,mfishbourne50@nymag.com,9/17/1951,Female,Bilbao,178.7357,87,false
5891234807,Currey,Sallowaye,csallowaye51@desdev.cn,4/4/1972,Male,Bilbao,187.3627,103,false
5885240914,Gasparo,Dodgshun,gdodgshun52@deviantart.com,12/21/1974,Male,Barcelona,139.8258,106,true
6945813258,Orelle,Padgett,opadgett53@mit.edu,1/9/1974,Female,Valencia,118.8451,98,false
7072328211,Niven,Moyse,nmoyse54@amazonaws.com,7/15/1952,Male,Valencia,136.4191,77,
2491278545,Fernanda,Toomey,ftoomey55@economist.com,5/15/1952,Female,Sevilla,92.3563,87,false
3349848931,Addy,Hammatt,ahammatt56@huffingtonpost.com,1/6/1954,Male,Valencia,78.7765,68,false
3782066510,Adams,Cosley,acosley57@amazon.co.uk,9/21/1943,Male,Madrid,142.8972,61,true
3709175453,Hillery,McCafferky,hmccafferky58@scientificamerican.com,2/18/1980,Male,Barcelona,160.9469,120,false
9649287876,Mohandas,Stabbins,mstabbins59@newyorker.com,2/15/1961,Male,Sevilla,144.9508,71,true
2003580638,Tull,Wrennall,twrennall5a@irs.gov,5/19/1944,Male,Barcelona,147.1548,110,false
2889329852,Hayden,Plumridge,hplumridge5b@exblog.jp,,Male,Bilbao,168.6527,108,false
4753986799,Jorge,Bellas,jbellas5c@blogspot.com,7/28/1967,Male,Madrid,115.676,99,false
4315874655,Simonette,Freiberg,sfreiberg5d@accuweather.com,9/13/1975,Female,Bilbao,95.9615,117,false
1550905937,Bartholomeo,Covert,bcovert5e@bloglovin.com,6/14/1976,Male,Sevilla,93.389,101,false
4403510531,Dedra,Lygoe,dlygoe5f@t.co,5/25/1945,Female,Valencia,166.2207,116,false
6815441865,Lura,Stobo,lstobo5g@usa.gov,5/31/1969,Female,Madrid,185.7512,67,false
4760387102,Daron,Kluger,dkluger5h@usnews.com,6/2/1942,Male,Sevilla,188.5132,102,true
3125891981,Con,Drakes,cdrakes5i@cornell.edu,7/30/1971,Male,Valencia,149.9763,96,false
6065191515,Hoebart,Aikett,haikett5j@bloglines.com,11/23/1949,Male,Madrid,189.7364,89,true
,Danie,Seamark,dseamark5k@photobucket.com,9/7/1973,Male,Valencia,140.0099,115,true
9412142412,Arin,Whillock,awhillock5l@over-blog.com,12/8/1974,Male,Valencia,100.132,64,true
0884512363,Nobie,Hebbes,nhebbes5m@mozilla.com,1/14/1964,Male,Barcelona,136.8922,68,true
4040583361,Elly,Spellard,espellard5n@goodreads.com,12/13/1965,Female,Barcelona,71.3287,63,false
7381085836,Willy,Eburne,weburne5o@networkadvertising.org,5/21/1958,Male,Bilbao,181.3667,118,true
,Cyrus,Stayt,cstayt5p@etsy.com,9/27/1953,Male,Sevilla,171.0728,97,true
5240142076,Redford,Florez,rflorez5q@bbb.org,8/31/1967,Male,Bilbao,134.5076,108,true
9823506256,Reg,O'Dogherty,rodogherty5r@github.com,1/23/1963,Male,Valencia,109.8767,104,true
3394655519,Jaimie,MacDowal,jmacdowal5s@newsvine.com,3/27/1944,Male,Barcelona,169.3456,117,false
3249639451,Tallia,Abby,tabby5t@4shared.com,11/28/1943,Female,Valencia,117.7381,78,true
1203046227,Nani,Brigden,nbrigden5u@telegraph.co.uk,4/20/1968,Female,Sevilla,119.3265,71,true
8677456368,Ebenezer,Costanza,ecostanza5v@newsvine.com,5/12/1968,Male,Bilbao,95.5153,75,false
5210888835,Emlyn,Stuckey,estuckey5w@accuweather.com,5/19/1968,Female,Bilbao,133.083,95,true
6430901971,Julianna,Langcaster,jlangcaster5x@google.de,2/28/1955,Female,Barcelona,129.5583,92,true
7224099457,Dougy,Philips,dphilips5y@gmpg.org,11/16/1962,Male,Barcelona,150.6543,101,
0801242185,Hazlett,Cornes,hcornes5z@gov.uk,2/6/1953,Male,Barcelona,151.3726,114,false
8273920453,Beau,O'Doireidh,bodoireidh60@geocities.com,10/2/1945,Male,Barcelona,132.2088,65,true
4625230829,Slade,Rue,srue61@boston.com,11/12/1969,Male,Madrid,147.8208,118,false
1540386376,Dian,Gowanson,dgowanson62@gravatar.com,1/26/1973,Female,Barcelona,170.1505,60,false
3612002058,Joshia,Kille,jkille63@networksolutions.com,1/22/1955,Male,Sevilla,185.7883,76,false
4792970873,Dov,Wingham,dwingham64@mit.edu,3/4/1979,Male,Valencia,113.1225,79,false
0418104387,Fredrick,McKinlay,fmckinlay65@census.gov,11/8/1958,Male,Sevilla,189.871,79,false
7360354234,Tracie,Nockles,tnockles66@networkadvertising.org,2/24/1948,Female,Madrid,121.6432,60,false
2436007535,Perkin,Nertney,pnertney67@epa.gov,11/29/1943,Male,Barcelona,135.8286,95,true
1027431526,Gordie,De Hoogh,gdehoogh68@facebook.com,6/29/1951,Male,Bilbao,141.1306,81,false
1543195784,Pattie,Foch,pfoch69@wired.com,5/16/1971,Male,Valencia,96.4617,114,false
0002182351,Cortie,Domb,cdomb6a@alexa.com,4/5/1948,Male,Bilbao,180.2256,112,
9945773518,John,Keatley,jkeatley6b@businessweek.com,,Male,Barcelona,152.8637,94,false
4107287025,Ermanno,Ickeringill,eickeringill6c@marriott.com,6/7/1960,Male,Sevilla,119.7425,94,true
2453489917,Aylmer,Blackman,ablackman6d@digg.com,12/3/1968,Male,Valencia,128.1743,89,true
5629557696,Hermann,Kightly,hkightly6e@europa.eu,10/30/1945,Male,Sevilla,94.6513,97,false
2922536041,Harriette,Tremontana,htremontana6f@dion.ne.jp,4/12/1971,Female,Valencia,79.4991,108,false
8518515149,Carl,O'Currigan,cocurrigan6g@godaddy.com,4/16/1952,Male,Valencia,103.8688,117,true
5134801657,Alberto,Brinicombe,abrinicombe6h@bbb.org,1/29/1950,Male,Bilbao,94.1179,116,true
9721674451,Odette,Sykora,osykora6i@blinklist.com,9/5/1947,Female,Valencia,183.1787,114,true
3490746899,Agnella,Cassey,acassey6j@weibo.com,2/22/1949,Female,Barcelona,102.2709,95,false
3526434824,Milton,Childes,mchildes6k@jalbum.net,9/20/1976,Male,Bilbao,168.5496,103,true
2241841153,Kylie,Horder,khorder6l@jigsy.com,9/28/1972,Male,Sevilla,159.9563,88,false
4987014599,Olympe,Furlow,ofurlow6m@timesonline.co.uk,1/17/1967,Female,Sevilla,159.9459,112,false
5677615498,Vernice,Babonau,vbabonau6n@hatena.ne.jp,1/12/1952,Female,Bilbao,76.3894,62,false
9285277322,Lemar,Blazi,lblazi6o@youtube.com,12/21/1967,Male,Madrid,184.9492,88,false
0648753859,Kerrin,Wellstead,kwellstead6p@berkeley.edu,9/8/1972,Female,Bilbao,105.2822,100,false
3157217291,Rakel,Gleave,rgleave6q@kickstarter.com,5/6/1948,Female,Valencia,93.0592,74,false
8878904120,Lizette,Dibdall,ldibdall6r@linkedin.com,9/19/1951,,,162.0071,113,true
4638864120,Maible,Gillson,mgillson6s@plala.or.jp,,Female,Sevilla,94.5177,65,false
1909825069,Ebenezer,Billows,ebillows6t@sciencedirect.com,7/27/1980,Male,Sevilla,72.7026,117,false
9346971452,Vita,Macauley,vmacauley6u@europa.eu,3/3/1973,Female,Barcelona,96.7919,85,true
6899667495,Valene,Stopp,vstopp6v@nasa.gov,7/5/1976,Female,Barcelona,134.8977,113,true
2804472922,Burnaby,Josowitz,bjosowitz6w@omniture.com,5/20/1963,Male,Valencia,177.6184,97,
9198410857,Merridie,Ebbs,mebbs6x@jigsy.com,12/1/1976,Female,Valencia,123.5459,108,false
2729574107,Sibyl,Parfrey,sparfrey6y@purevolume.com,5/28/1966,Male,Madrid,160.3099,93,false
4088531914,Flossi,Gherardesci,fgherardesci6z@nyu.edu,,Female,Barcelona,94.5244,92,false
6645300166,Bernelle,Coverley,bcoverley70@sakura.ne.jp,5/5/1980,Female,Madrid,110.2229,99,true
9354913679,Ettore,Mensler,emensler71@techcrunch.com,7/11/1954,Male,Barcelona,84.6429,111,false
7454547117,Benjamen,Kisby,bkisby72@histats.com,5/11/1960,Male,Valencia,174.8059,88,true
9698875077,Rowan,Casazza,rcasazza73@webs.com,6/9/1944,Male,Barcelona,104.8642,116,false
9337590018,Bebe,Pyecroft,bpyecroft74@t-online.de,1/24/1962,Female,Barcelona,74.3902,92,false
9189092376,Gabi,Gheraldi,ggheraldi75@surveymonkey.com,10/26/1954,Male,Sevilla,73.328,116,true
3733860926,Neils,Brimilcombe,nbrimilcombe76@example.com,4/23/1949,Male,Bilbao,165.7741,81,true
6589894566,Teodorico,De La Haye,tdelahaye77@oracle.com,3/6/1958,Male,Sevilla,113.5486,67,
4767291909,Ingrim,Skentelbery,iskentelbery78@cbsnews.com,12/9/1959,Male,Valencia,189.9864,77,true
4376636371,Tad,Ferrarese,tferrarese79@topsy.com,11/6/1958,Male,Sevilla,149.9046,79,true
8492509716,Alex,Elacoate,aelacoate7a@purevolume.com,1/3/1947,Female,Bilbao,135.3023,65,false
7997271481,West,Ghiraldi,wghiraldi7b@omniture.com,6/17/1968,Male,Sevilla,133.7992,102,false
8516216292,Panchito,Grinishin,pgrinishin7c@goo.gl,6/23/1947,Male,Valencia,162.5202,118,true
1349007021,Elvina,Ricioppo,ericioppo7d@mediafire.com,5/27/1979,Female,Bilbao,173.5017,106,true
6111365150,Judie,Aggio,jaggio7e@sohu.com,7/1/1942,Female,Bilbao,181.7094,88,false
7586483787,Fianna,Pamphilon,fpamphilon7f@howstuffworks.com,,,,136.7352,66,true
7600116863,Julie,Autrie,jautrie7g@jalbum.net,9/5/1956,Male,Sevilla,106.8719,111,false
4164004940,Verile,Zumbusch,vzumbusch7h@mit.edu,6/21/1952,Female,Madrid,161.4668,119,true
4117814583,Sandie,Ratnege,sratnege7i@umich.edu,3/10/1977,Female,Valencia,181.1133,70,true
3744095886,Mauricio,Ogbourne,mogbourne7j@comsenz.com,10/11/1965,Male,Valencia,125.6392,98,true
2214290125,Yale,Briiginshaw,ybriiginshaw7k@amazon.de,2/18/1941,Male,Barcelona,182.3838,100,false
6496526540,Cissy,Brook,cbrook7l@delicious.com,11/17/1970,Female,Bilbao,132.4113,88,false
2690996839,Haskel,Cartmail,hcartmail7m@live.com,4/22/1971,Male,Madrid,97.7173,86,false
1592010881,Tracie,Lovekin,tlovekin7n@aboutads.info,,,,134.3928,89,false
7752419435,Marj,Pestricke,mpestricke7o@jugem.jp,8/13/1961,Female,Bilbao,168.6022,77,true
3850684717,Cleo,Stollard,cstollard7p@tumblr.com,10/15/1976,Female,Barcelona,169.4633,90,false
1393097189,Byrann,Randales,brandales7q@lycos.com,4/26/1952,Male,Sevilla,96.5048,80,true
0792858395,Caz,Evins,cevins7r@exblog.jp,6/6/1979,Male,Sevilla,144.175,117,false
8924512692,Tatiania,Friberg,tfriberg7s@skype.com,3/11/1979,Female,Sevilla,172.5271,102,false
8586466638,Dorita,Cutbirth,dcutbirth7t@msn.com,7/8/1975,Female,Sevilla,89.2876,115,false
9319341117,Lee,Runcie,lruncie7u@smugmug.com,12/7/1970,Male,Sevilla,102.437,81,false
8078795467,Alwyn,Scrimshire,ascrimshire7v@i2i.jp,12/31/1944,Male,Barcelona,189.3865,61,false
6900689779,Eden,Woodham,ewoodham7w@gravatar.com,7/22/1949,Female,Barcelona,137.1723,65,false
7633051256,Hagen,Triggs,htriggs7x@ow.ly,12/4/1966,Male,Bilbao,116.4924,90,true
2557949183,Far,Treadgold,ftreadgold7y@scientificamerican.com,11/27/1961,Male,Barcelona,87.8749,72,false
8586293458,Cirstoforo,Slader,cslader7z@auda.org.au,1/20/1957,Male,Sevilla,140.8779,90,false
8422891042,Aubert,Kidds,akidds80@squidoo.com,12/26/1951,Male,Valencia,142.3495,116,true
4337210997,Phillie,Janek,pjanek81@google.pl,3/4/1955,Female,Bilbao,184.3329,89,true
8911121010,Carilyn,Struys,cstruys82@indiatimes.com,5/7/1947,Female,Bilbao,176.9305,101,false
0090631307,Tarrance,Arboine,tarboine83@marriott.com,3/11/1951,Male,Barcelona,126.8019,98,false
9220783037,Nelie,Vickerstaff,nvickerstaff84@phpbb.com,9/21/1971,Female,Bilbao,75.9739,75,false
6532270911,Dallas,Werndly,dwerndly85@yahoo.co.jp,11/3/1970,Male,Sevilla,126.3652,118,true
4454149771,Auguste,Edes,aedes86@sbwire.com,7/28/1966,Female,Sevilla,143.5899,74,false
3590071443,Rockwell,Nash,rnash87@tripod.com,10/9/1976,Male,Barcelona,184.529,112,
2885611499,Aleece,Laytham,alaytham88@sciencedaily.com,8/22/1976,Female,Sevilla,150.6121,71,true
7653451527,Rhett,Gurwood,rgurwood89@hostgator.com,12/18/1954,Male,Sevilla,88.1611,68,false
4477739958,Nancie,Millership,nmillership8a@unicef.org,10/23/1952,Female,Madrid,141.0712,81,true
1827726466,Jean,Postill,jpostill8b@mediafire.com,6/10/1946,Male,Barcelona,162.2704,109,true
2191923224,Glynis,Furley,gfurley8c@unesco.org,7/9/1971,Female,Valencia,133.8718,99,false
5073200233,Gannon,Ferentz,gferentz8d@zimbio.com,2/22/1953,Male,Valencia,82.4011,111,true
3816016413,Bobbe,Hinkley,bhinkley8e@ca.gov,11/3/1942,Female,Valencia,91.0232,65,false
2108743952,Tye,Ceeley,tceeley8f@miitbeian.gov.cn,5/10/1970,,,163.8025,92,false
7370149056,Debee,Tiller,dtiller8g@chron.com,,Female,Sevilla,144.5218,75,false
2465583395,Margie,Birds,mbirds8h@amazon.com,8/7/1956,Female,Madrid,84.0349,86,false
8868450674,Emma,Feldmann,efeldmann8i@sakura.ne.jp,7/14/1960,Female,Bilbao,160.5268,74,true
7596015964,Nedi,Dradey,ndradey8j@china.com.cn,6/7/1967,Female,Valencia,94.8317,62,true
7786287035,Cornelle,Blackmoor,cblackmoor8k@flickr.com,8/29/1973,Female,Valencia,144.7813,88,true
4134640989,Koren,Langdon,klangdon8l@blogs.com,4/29/1942,Female,Bilbao,175.1507,120,false
4378771497,Ulberto,Sute,usute8m@studiopress.com,12/2/1969,Male,Bilbao,71.1133,110,true
3690878438,Alana,Jarrard,ajarrard8n@sbwire.com,4/19/1966,Female,Valencia,137.5157,67,true
2111511978,Guglielmo,Ringwood,gringwood8o@dmoz.org,11/10/1974,Male,Bilbao,162.9361,107,true
8774729519,Arvy,Garton,agarton8p@vinaora.com,3/14/1944,Male,Madrid,75.1624,73,false
7796228996,Read,Bayless,rbayless8q@techcrunch.com,9/12/1944,Male,Barcelona,108.9254,61,true
4191051989,Flossy,Baignard,fbaignard8r@bizjournals.com,1/12/1962,,,124.6243,61,
0309121485,Fletcher,Husband,fhusband8s@netlog.com,3/18/1961,,,141.4467,60,true
6988755098,Porter,Labeuil,plabeuil8t@github.com,11/26/1969,Male,Valencia,100.304,91,
0135807794,Karole,Gelardi,kgelardi8u@sun.com,11/27/1943,Female,Sevilla,148.5591,73,true
6903599371,Victor,Downage,vdownage8v@yahoo.co.jp,6/11/1960,Male,Bilbao,149.5964,72,false
7669131071,Sibylle,Borgne,sborgne8w@chron.com,11/24/1951,Female,Madrid,182.8885,90,true
3647851043,Fedora,Grigoletti,fgrigoletti8x@ft.com,8/3/1958,Female,Valencia,165.2803,63,false
9441232823,Rosetta,Harriott,rharriott8y@twitpic.com,,Female,Bilbao,185.9172,91,true
5219600133,Deirdre,Godrich,dgodrich8z@theglobeandmail.com,12/6/1974,Female,Barcelona,81.8846,82,false
5567092733,Tabbitha,Wenden,twenden90@wordpress.com,3/14/1948,Female,Barcelona,153.8808,87,true
4389897349,Bekki,McLoughlin,bmcloughlin91@dedecms.com,2/26/1942,Female,Bilbao,151.9021,95,false
5978561346,Nehemiah,Rashleigh,nrashleigh92@dot.gov,1/18/1954,Male,Madrid,153.3155,82,true
5949468686,Mellisent,Marran,mmarran93@reuters.com,9/24/1976,Female,Madrid,180.2946,93,true
6791469595,James,Jansens,jjansens94@edublogs.org,6/8/1956,Male,Barcelona,135.3919,87,true
7298735632,Lisbeth,Heistermann,lheistermann95@bravesites.com,1/6/1942,Female,Valencia,144.6312,69,true
2980440051,Amery,Normanville,anormanville96@hhs.gov,3/2/1967,Male,Valencia,183.1395,63,false
3704179930,Clareta,Pruvost,cpruvost97@examiner.com,8/16/1972,Female,Madrid,173.5467,113,false
4971986677,Alessandra,Hurdidge,ahurdidge98@boston.com,5/19/1942,Female,Madrid,137.9556,84,false
,Reinwald,Braisby,rbraisby99@google.com.br,8/17/1960,Male,Sevilla,172.546,74,false
,Wilt,Lynde,wlynde9a@europa.eu,,Male,Madrid,182.5016,77,false
9865577682,Antone,Osichev,aosichev9b@topsy.com,8/7/1976,Male,Barcelona,96.3702,117,false
9415477180,Cristin,Aldersey,caldersey9c@hhs.gov,7/13/1963,Female,Bilbao,103.8787,85,true
7434431822,Barton,Delhanty,bdelhanty9d@cyberchimps.com,12/22/1974,Male,Barcelona,174.3763,68,true
8258896490,Marisa,Scroggie,mscroggie9e@plala.or.jp,3/28/1956,Female,Sevilla,133.4481,82,true
8038362969,Roxane,Gaughan,rgaughan9f@google.com.au,5/10/1973,Female,Valencia,151.0224,79,true
4490887213,Darell,Taber,dtaber9g@nature.com,8/27/1968,Female,Madrid,101.0181,101,true
8884190525,Rudiger,Orrocks,rorrocks9h@businessinsider.com,5/7/1942,Male,Valencia,129.7093,87,false
0775928194,Wendi,Hannigan,whannigan9i@artisteer.com,11/13/1958,Female,Valencia,165.2709,99,false
9734467832,Karola,Rome,krome9j@printfriendly.com,4/7/1953,Female,Barcelona,119.1687,63,true
0850431794,Lowrance,MacBey,lmacbey9k@twitpic.com,1/30/1946,Male,Sevilla,117.1719,87,true
5946119966,Calla,Adanet,cadanet9l@bandcamp.com,12/13/1979,Female,Valencia,92.4205,62,false
5967517715,Parker,Chidzoy,pchidzoy9m@list-manage.com,8/23/1970,Male,Barcelona,70.281,63,true
6577293309,Kendra,Petrozzi,kpetrozzi9n@wikispaces.com,5/21/1953,Female,Madrid,154.6852,94,true
9889589257,Goldy,Demsey,gdemsey9o@arstechnica.com,2/10/1973,,,90.4633,115,true
,Darcee,Burwell,dburwell9p@dailymail.co.uk,11/15/1948,Female,Valencia,86.002,92,true
4225589625,Garland,Seckom,gseckom9q@sina.com.cn,3/4/1960,Female,Bilbao,133.6438,75,
4445038199,Mufinella,MacAfee,mmacafee9r@t-online.de,5/29/1973,Female,Bilbao,189.2881,99,
3806983518,Lorinda,Bawle,lbawle9s@exblog.jp,4/4/1959,Female,Sevilla,83.3661,76,true
3191892907,Robb,Gemnett,rgemnett9t@berkeley.edu,4/24/1973,Male,Sevilla,146.8344,119,true
5494434850,Natty,Mateiko,nmateiko9u@google.com,1/7/1944,Female,Bilbao,181.6166,115,true
7557772288,Kimmie,Dunrige,kdunrige9v@plala.or.jp,6/24/1945,Female,Bilbao,115.2067,87,true
5576975189,James,Moller,jmoller9w@bloglovin.com,5/17/1958,Male,Barcelona,188.5375,85,false
9846946422,Aggy,Humbert,ahumbert9x@bbc.co.uk,7/10/1956,Female,Valencia,117.7453,100,false
9382809732,Ham,Archbutt,harchbutt9y@ed.gov,12/7/1970,Male,Madrid,94.629,90,true
2691385752,Elia,Jakubczyk,ejakubczyk9z@bbb.org,4/14/1967,Male,Madrid,72.9485,91,true
1478250127,Reece,Capron,rcaprona0@icq.com,5/5/1942,Male,Valencia,126.6299,111,
4507347599,Erroll,Gibling,egiblinga1@npr.org,5/29/1970,Male,Sevilla,187.5438,108,false
7242572282,Laetitia,Tonna,ltonnaa2@t.co,12/7/1945,,,120.3903,78,false
6211608349,Kendell,Linham,klinhama3@histats.com,5/28/1958,Male,Bilbao,157.5965,88,false
4210244104,Shandee,Rylands,srylandsa4@illinois.edu,12/19/1963,Female,Sevilla,85.4879,111,true
9497338902,Matias,Dorracott,mdorracotta5@tamu.edu,2/6/1947,Male,Bilbao,166.0064,86,true
7838919614,Neale,Taggert,ntaggerta6@bloglines.com,12/7/1961,Male,Valencia,155.0831,92,true
7587130675,Aleksandr,Rounsefell,arounsefella7@guardian.co.uk,1/7/1965,Male,Barcelona,95.5301,108,false
9300309498,Annabelle,Fonzo,afonzoa8@360.cn,6/12/1944,Female,Barcelona,142.4708,119,false
2607241162,Randi,De Benedictis,rdebenedictisa9@seesaa.net,12/8/1965,Female,Madrid,139.3655,93,true
3434487522,Tiebout,Tonsley,ttonsleyaa@ustream.tv,8/28/1953,Male,Barcelona,115.2462,90,
2068068826,Ivar,Barabich,ibarabichab@hp.com,1/10/1946,Male,Barcelona,133.791,81,true
3237865028,Charlie,Dakhov,cdakhovac@skyrock.com,11/27/1952,Male,Sevilla,136.6557,92,true
5619488373,Shalne,Bingall,sbingallad@reference.com,6/25/1952,Female,Bilbao,86.3206,76,true
0161682014,Roman,Gregory,rgregoryae@usda.gov,10/29/1948,Male,Madrid,164.9096,71,false
7255613500,Juieta,Mandal,jmandalaf@booking.com,3/7/1953,Female,Barcelona,80.1976,60,false
5287056052,Alfy,Putterill,aputterillag@bravesites.com,6/10/1942,Male,Sevilla,165.0521,70,true
2878135768,Lammond,O'Loughlin,loloughlinah@amazon.co.uk,10/6/1957,Male,Sevilla,70.1144,116,true
4727418835,Beniamino,Marquis,bmarquisai@nba.com,10/29/1958,Male,Barcelona,181.3373,83,false
3532902346,Trevor,Whate,twhateaj@hp.com,7/15/1945,Male,Barcelona,183.4725,92,
0854684387,Brandea,Swindley,bswindleyak@google.co.jp,4/28/1962,Female,Barcelona,147.1517,76,
7902991481,Hugues,Sarfas,hsarfasal@washington.edu,5/27/1953,Male,Madrid,161.5418,62,false
2896064869,Arlana,Mincini,aminciniam@plala.or.jp,,Female,Valencia,184.0304,97,true
6740160961,Rosie,Ramos,rramosan@ucoz.com,3/1/1967,Female,Barcelona,144.6231,72,false
9503524776,Raffaello,Merill,rmerillao@soup.io,8/28/1946,Male,Bilbao,160.1932,96,true
5713754480,Shanna,Painswick,spainswickap@theguardian.com,1/29/1948,Female,Valencia,172.8363,77,false
8182928176,Selinda,Colmore,scolmoreaq@newyorker.com,7/23/1959,Female,Madrid,113.3555,110,true
7224422495,Wallace,Stonebridge,wstonebridgear@php.net,9/24/1960,Male,Valencia,116.6911,101,true
7661118017,Tess,Kneeshaw,tkneeshawas@blinklist.com,7/8/1975,Female,Valencia,111.2128,120,false
1814670629,Aleece,Itter,aitterat@jigsy.com,5/31/1977,Female,Valencia,91.8605,109,true
1660669642,Hillery,Rowling,hrowlingau@xinhuanet.com,9/8/1951,Male,Madrid,94.5507,105,false
4832563092,Penelopa,Choake,pchoakeav@godaddy.com,,Female,Barcelona,112.6872,114,true
7499125629,Chen,O'Cooney,cocooneyaw@naver.com,9/10/1968,Male,Madrid,134.49,83,true
8441355185,Romonda,Campanelle,rcampanelleax@seesaa.net,2/28/1952,Female,Barcelona,186.5841,108,false
7444627770,Rheta,Nutty,rnuttyay@unesco.org,8/24/1941,Female,Valencia,126.4339,101,true
9493979571,Maren,Logue,mlogueaz@sina.com.cn,10/5/1941,Female,Valencia,163.6621,75,true
0911695265,Bronson,Gerger,bgergerb0@msn.com,4/12/1966,Male,Valencia,92.1886,112,false
5026540406,Gamaliel,Haggarth,ghaggarthb1@paginegialle.it,4/11/1952,Male,Sevilla,102.039,113,true
4133280563,Jobyna,Wisam,jwisamb2@paypal.com,4/22/1961,Female,Bilbao,86.6488,118,false
3842337906,Charles,Tytcomb,ctytcombb3@bizjournals.com,5/18/1946,Male,Valencia,75.176,83,true
9082500256,Crysta,Bankhurst,cbankhurstb4@scribd.com,5/10/1960,Female,Madrid,167.2318,75,true
9705793786,Huberto,Bridat,hbridatb5@si.edu,6/15/1962,Male,Valencia,87.773,88,true
4295533998,Gerick,Rogerot,grogerotb6@nationalgeographic.com,,Male,Bilbao,105.1369,68,true
5381713533,Georgy,Morsley,gmorsleyb7@instagram.com,8/21/1944,Male,Sevilla,151.7028,112,true
6546864673,Chelsae,Davidofski,cdavidofskib8@java.com,12/16/1957,Female,Bilbao,124.1848,85,true
4349251073,Arlin,Trayte,atrayteb9@google.com.hk,4/14/1955,Male,Bilbao,79.7309,65,true
6782812428,Lianne,Turvie,lturvieba@disqus.com,3/5/1968,Female,Sevilla,150.4547,79,true
,Clyde,Orrick,corrickbb@dagondesign.com,11/30/1961,Male,Barcelona,143.1399,90,true
,Yettie,Wrintmore,ywrintmorebc@cnbc.com,3/4/1977,,,122.4109,99,false
0164388761,Hasty,Folshom,hfolshombd@ucoz.com,5/10/1949,Male,Barcelona,105.6711,75,true
4956540973,Hazlett,Coghlin,hcoghlinbe@bbb.org,4/7/1960,Male,Madrid,172.239,75,false
6211768672,Kristen,Aggs,kaggsbf@storify.com,11/17/1969,Female,Valencia,80.7465,94,true
8006408033,Delbert,Richardon,drichardonbg@sitemeter.com,11/18/1949,Male,Sevilla,169.2721,81,true
1139413295,Drew,Trime,dtrimebh@tinyurl.com,12/16/1946,Male,Barcelona,143.6732,68,false
3499545098,Ammamaria,Torbett,atorbettbi@xinhuanet.com,8/10/1943,Female,Madrid,99.0801,92,false
8850266065,Genevra,Leates,gleatesbj@alibaba.com,11/13/1963,Female,Sevilla,153.9573,61,false
5289565531,Arri,Coton,acotonbk@hugedomains.com,6/13/1974,Male,Barcelona,189.4536,71,false
6624883596,Kenyon,McFie,kmcfiebl@newyorker.com,8/31/1940,Male,Bilbao,102.0312,84,false
1292570555,Lida,Glentworth,lglentworthbm@dagondesign.com,1/21/1978,Female,Bilbao,178.4327,82,true
2362334252,Giacopo,Aggas,gaggasbn@drupal.org,11/27/1952,,,96.7456,81,false
7316572671,Averell,Sarjant,asarjantbo@cornell.edu,1/17/1968,Male,Madrid,154.6982,94,true
6389063393,Nadeen,Hallede,nhalledebp@oakley.com,12/23/1942,Female,Barcelona,168.5039,76,
6894231893,Dorthea,Yansons,dyansonsbq@delicious.com,12/18/1963,Female,Sevilla,98.5908,64,false
7061062894,Helena,Reeken,hreekenbr@arizona.edu,8/9/1965,Female,Madrid,117.7545,90,true
9648101396,Gallagher,Fidell,gfidellbs@oaic.gov.au,,Male,Sevilla,82.1148,99,true
4771310572,Loy,Webburn,lwebburnbt@163.com,10/4/1953,Male,Sevilla,189.2859,97,true
1363962396,Quintin,Mustard,qmustardbu@cmu.edu,3/2/1954,Male,Valencia,109.3617,97,true
7868861576,Lemmie,Pimblett,lpimblettbv@google.ca,2/19/1976,Male,Bilbao,168.0091,99,true
2450533982,Sauncho,Powlesland,spowleslandbw@cornell.edu,5/1/1955,Male,Madrid,96.2188,63,true
5354016282,Marrissa,Gravenor,mgravenorbx@usgs.gov,12/22/1964,Female,Barcelona,185.7527,85,false
1031456767,Durant,Besnard,dbesnardby@shop-pro.jp,5/30/1952,Male,Madrid,147.5378,109,false
2265902063,Marjie,Craine,mcrainebz@chronoengine.com,8/5/1957,Female,Barcelona,152.425,75,true
7499359484,Clarice,Gley,cgleyc0@pcworld.com,9/22/1951,Female,Bilbao,93.8415,77,false
3257256264,Christel,Strelitzer,cstrelitzerc1@nsw.gov.au,2/19/1956,Female,Sevilla,158.4918,74,true
7937785640,Aila,Yallowley,ayallowleyc2@icq.com,3/3/1968,Female,Bilbao,129.6877,70,true
8872578949,Nicolai,Inglefield,ninglefieldc3@blogger.com,7/18/1957,Male,Madrid,73.1891,68,false
8719959923,Zebulen,Arbuckel,zarbuckelc4@japanpost.jp,9/16/1958,Male,Valencia,70.345,70,false
8088565456,Pam,Renwick,prenwickc5@naver.com,10/12/1950,Female,Bilbao,156.3942,98,true
0160265568,Ulises,Boardman,uboardmanc6@domainmarket.com,11/26/1970,Male,Barcelona,153.108,117,false
4560481911,Salim,Decreuze,sdecreuzec7@weather.com,,Male,Sevilla,145.3359,111,true
8367345320,Etta,Balaisot,ebalaisotc8@slideshare.net,4/11/1966,Female,Barcelona,133.1908,111,false
8359214549,Buffy,Stealey,bstealeyc9@domainmarket.com,2/9/1954,Female,Madrid,83.9172,75,true
1623022606,Winfred,Lodder,wlodderca@pagesperso-orange.fr,10/5/1962,Male,Sevilla,141.4077,75,true
7963270962,Edin,Monger,emongercb@xinhuanet.com,7/17/1979,Female,Bilbao,169.7264,67,false
6165609260,Nero,Davana,ndavanacc@answers.com,3/30/1957,Male,Bilbao,145.7008,115,true
1737216094,Dillon,Tolchard,dtolchardcd@deliciousdays.com,7/25/1978,Male,Barcelona,94.7151,84,true
8177184911,Ileane,Legat,ilegatce@unblog.fr,4/29/1969,Female,Sevilla,155.8808,88,false
4051965740,Nathanil,Bestwall,nbestwallcf@tinyurl.com,12/8/1974,Male,Madrid,180.9916,79,true
1076554059,Franny,Faltin,ffaltincg@360.cn,11/13/1963,Male,Bilbao,75.3769,70,false
9758897888,Jillian,Magowan,jmagowanch@topsy.com,5/20/1949,Female,Valencia,76.9641,71,true
9472432093,Indira,Pettiward,ipettiwardci@constantcontact.com,1/11/1978,Female,Madrid,84.6168,109,true
5619890457,Lion,Greed,lgreedcj@purevolume.com,8/31/1948,Male,Barcelona,167.2604,66,true
4766439228,Ulrike,Cheverton,uchevertonck@vk.com,7/13/1970,Female,Bilbao,80.5647,91,true
1258726580,Farlay,Jakeman,fjakemancl@apple.com,1/1/1974,Male,Barcelona,78.6999,99,false
0955313325,Karyn,St Ledger,kstledgercm@cbsnews.com,11/5/1968,Female,Barcelona,85.2093,95,false
1128490013,Collete,Autrie,cautriecn@geocities.jp,5/2/1965,Female,Bilbao,187.341,92,false
4621437798,Christy,Dederich,cdederichco@tiny.cc,5/27/1977,Female,Sevilla,80.8141,86,true
9046638952,Ben,MacKee,bmackeecp@theguardian.com,10/15/1969,Male,Barcelona,73.8872,115,false
3587340072,Inesita,Sandes,isandescq@sourceforge.net,6/22/1963,Female,Barcelona,176.0608,92,true
5387500523,Petronille,Braunroth,pbraunrothcr@opera.com,4/7/1945,Female,Barcelona,153.1841,81,true
7716430904,Erl,Bontine,ebontinecs@histats.com,12/12/1953,Male,Barcelona,75.8775,109,false
5995845195,Norbie,Slowly,nslowlyct@ocn.ne.jp,6/3/1951,Male,Bilbao,121.3215,68,false
9984478246,Anna-diane,Geary,agearycu@marketwatch.com,6/28/1969,Female,Sevilla,108.8524,100,true
5622571359,Britte,Duncklee,bdunckleecv@nytimes.com,11/28/1945,Female,Barcelona,151.1141,99,false
9287648840,Deeann,Puttergill,dputtergillcw@sfgate.com,2/20/1942,Female,Bilbao,103.4902,118,true
5808371406,Kayla,Eckly,kecklycx@pbs.org,4/30/1963,Female,Madrid,77.8688,99,false
5045591274,Mira,Aronson,maronsoncy@ezinearticles.com,8/16/1969,Female,Madrid,164.5918,116,false
8353868490,Deanne,Escot,descotcz@bluehost.com,1/29/1952,Female,Madrid,182.038,79,false
8461402839,Marty,Guyet,mguyetd0@opensource.org,10/14/1959,Male,Sevilla,99.5127,74,false
2254786873,Cob,Gredden,cgreddend1@zdnet.com,,Male,Barcelona,174.0005,110,true
0223682152,Ardra,Tollerton,atollertond2@geocities.jp,5/5/1944,Female,Sevilla,124.5998,105,false
4652882475,Ade,Ranscombe,aranscombed3@alibaba.com,2/23/1975,Male,Madrid,128.3838,67,false
,Carrissa,Gilyatt,cgilyattd4@accuweather.com,11/12/1970,Female,Barcelona,132.9436,114,true
3319031570,Rakel,Jeacop,rjeacopd5@mtv.com,4/26/1974,Female,Sevilla,153.8881,101,false
9842303551,Mayer,Esmonde,mesmonded6@forbes.com,7/8/1977,Male,Bilbao,150.6106,115,true
1568390955,Erminie,Oakenfull,eoakenfulld7@gov.uk,7/16/1970,Female,Bilbao,75.7061,86,false
0591789604,Annetta,Minchinton,aminchintond8@imageshack.us,1/21/1980,Female,Bilbao,72.4926,97,true
3536446094,Herbert,Holtham,hholthamd9@w3.org,7/20/1957,Male,Madrid,152.6161,70,true
8828711809,Anastasie,Stannis,astannisda@printfriendly.com,7/6/1977,Female,Madrid,144.5471,79,true
7683550973,Baudoin,Vial,bvialdb@boston.com,2/13/1955,Male,Valencia,120.7101,70,false
2255244128,Kin,Neilson,kneilsondc@va.gov,6/23/1978,Male,Madrid,84.3841,95,true
1317927656,Louis,De Simoni,ldesimonidd@ow.ly,5/27/1977,Male,Sevilla,151.4802,100,false
2658913915,Vasily,Frome,vfromede@buzzfeed.com,2/2/1968,Male,Bilbao,84.7874,113,false
9172728876,Gisella,Witul,gwituldf@apple.com,,Female,Barcelona,95.6994,84,
1901506800,Chico,Gallienne,cgalliennedg@artisteer.com,10/24/1958,Male,Bilbao,126.5652,119,true
2704436630,Lucius,Jandl,ljandldh@ocn.ne.jp,1/1/1959,Male,Madrid,114.282,114,false
3052941984,Andrej,Leak,aleakdi@devhub.com,2/28/1957,Male,Barcelona,156.9172,77,true
9518466483,Brandice,Attawell,battawelldj@eventbrite.com,7/10/1960,Female,Bilbao,124.9685,106,false
,Mandel,Barsam,mbarsamdk@admin.ch,9/2/1952,Male,Barcelona,141.4822,90,false
5519077614,Boone,Goodwin,bgoodwindl@hexun.com,3/23/1944,Male,Madrid,154.309,64,false
6146159190,Maurita,Fomichyov,mfomichyovdm@furl.net,5/6/1947,Female,Valencia,184.3111,115,false
0346352851,Sancho,Bazell,sbazelldn@irs.gov,10/8/1961,Male,Valencia,173.828,89,true
9243859110,Hurley,Lambal,hlambaldo@vinaora.com,7/29/1965,Male,Madrid,72.6478,98,true
4531429044,Elias,Antognoni,eantognonidp@examiner.com,7/21/1971,Male,Bilbao,100.0816,101,
3511461626,Christoffer,Goodrich,cgoodrichdq@cmu.edu,12/7/1967,Male,Madrid,80.4339,80,true
5680271648,Trudi,McSorley,tmcsorleydr@sciencedaily.com,2/17/1972,Female,Sevilla,121.2326,92,false
3612667262,Dev,Stebbings,dstebbingsds@elegantthemes.com,10/28/1953,Male,Madrid,98.5287,94,false
9249612885,Odella,MacFadzean,omacfadzeandt@auda.org.au,3/28/1955,Female,Bilbao,173.3704,71,true
0348151179,Abie,Tapin,atapindu@digg.com,8/1/1949,Male,Bilbao,90.4447,75,true
0914828568,Kliment,Dominichetti,kdominichettidv@goo.ne.jp,7/24/1963,Male,Bilbao,162.8124,101,false
1090922221,Westley,Stanway,wstanwaydw@statcounter.com,,Male,Sevilla,145.7898,109,false
9748937844,Bonnie,Bough,bboughdx@nhs.uk,1/24/1951,Female,Barcelona,112.3327,79,false
,Kala,Darkins,kdarkinsdy@github.com,6/25/1962,Female,Sevilla,147.9486,62,false
4695761602,Bobbye,Toffolo,btoffolodz@prweb.com,1/10/1979,Female,Madrid,183.9712,106,true
0413454231,Base,Silson,bsilsone0@redcross.org,8/19/1967,Male,Sevilla,140.6957,72,true
9972927881,Bradley,O'Mailey,bomaileye1@slate.com,4/7/1956,Male,Barcelona,126.7853,77,false
2190596173,Richy,Suggett,rsuggette2@yahoo.com,,Male,Valencia,119.3493,86,false
6695451621,Virge,Lay,vlaye3@wikia.com,,Male,Madrid,110.8218,97,true
8898089740,Parnell,Ivanov,pivanove4@ameblo.jp,4/27/1975,Male,Valencia,126.0811,92,true
1579587801,Hinze,Marney,hmarneye5@home.pl,7/12/1946,Male,Barcelona,134.8225,69,false
8945918469,Ingelbert,Duddin,iduddine6@rakuten.co.jp,3/19/1966,Male,Sevilla,75.1109,109,true
8549587389,Myrvyn,Matieu,mmatieue7@feedburner.com,9/2/1959,Male,Madrid,157.0681,116,true
5662792178,Maribeth,Lewcock,mlewcocke8@phpbb.com,8/3/1956,Female,Barcelona,142.2249,91,true
8397651683,Gabriello,Shevelin,gsheveline9@uol.com.br,11/19/1945,Male,Sevilla,104.0107,101,false
6460540721,Cesar,Dimsdale,cdimsdaleea@skype.com,12/23/1950,Male,Sevilla,183.8825,63,false
4488364136,Gal,Jaume,gjaumeeb@discuz.net,6/25/1940,Male,Sevilla,179.1528,78,true
4044980012,Bear,Polak,bpolakec@seattletimes.com,8/19/1955,Male,Sevilla,107.6334,120,true
2609892896,Ashlan,Stoacley,astoacleyed@gnu.org,3/18/1977,Female,Bilbao,129.2599,79,true
1404706917,Odey,Sheach,osheachee@sciencedirect.com,9/23/1971,Male,Valencia,89.0867,89,true
7668503102,Aurea,Vasilchikov,avasilchikovef@newsvine.com,7/5/1944,Female,Valencia,118.373,74,true
4558768559,Jamil,Swatman,jswatmaneg@cnn.com,10/4/1958,,,128.9146,73,true
5471872576,Florentia,Berthelet,fbertheleteh@samsung.com,8/25/1975,Female,Sevilla,170.2571,109,false
0239115872,Cairistiona,Cajkler,ccajklerei@ucsd.edu,5/21/1955,Female,Barcelona,133.4967,100,true
0675728738,Katey,Hartell,khartellej@google.it,3/31/1961,Female,Barcelona,147.1927,107,false
8787355183,Erek,Jina,ejinaek@stumbleupon.com,1/14/1963,Male,Barcelona,157.9995,112,false
7893959703,Milicent,Hearson,mhearsonel@dion.ne.jp,8/13/1946,Female,Valencia,87.1947,90,false
8854237914,Annemarie,Boullen,aboullenem@techcrunch.com,6/26/1976,Female,Madrid,151.3941,83,false
7600328348,Beltran,Viste,bvisteen@cam.ac.uk,9/20/1980,Male,Sevilla,121.5814,92,true
0972306242,Edik,Spight,espighteo@bing.com,2/4/1944,Male,Barcelona,139.3625,70,false
3952037915,Renate,Bewsey,rbewseyep@seattletimes.com,8/21/1967,Female,Barcelona,185.5709,106,false
2069153304,Sid,Kinworthy,skinworthyeq@walmart.com,10/11/1955,Male,Bilbao,113.6611,68,true
4753845389,Shirline,Caskie,scaskieer@etsy.com,7/19/1954,Female,Madrid,105.6054,68,false
6508361791,Arvie,Fann,afannes@wsj.com,2/28/1945,Male,Sevilla,151.8416,73,true
7686675823,Cynthy,Charley,ccharleyet@google.ca,5/22/1978,Female,Valencia,127.3448,63,false
2119684057,Blanca,Creeber,bcreebereu@japanpost.jp,11/4/1964,Female,Madrid,161.8849,87,false
3671494581,Fabe,Maddrah,fmaddrahev@patch.com,6/6/1954,Male,Valencia,172.1816,85,false
6357966568,Cody,Pottery,cpotteryew@123-reg.co.uk,7/4/1966,Female,Sevilla,151.3916,95,true
0385283407,Cher,Dibner,cdibnerex@sakura.ne.jp,7/10/1979,Female,Sevilla,134.7326,108,true
9458460425,Shaun,Durden,sdurdeney@php.net,6/16/1942,Male,Bilbao,153.1333,110,false
2434218911,Jo-ann,Durtnel,jdurtnelez@feedburner.com,5/12/1962,Female,Valencia,163.2121,88,false
4437790855,Hew,Cranton,hcrantonf0@booking.com,5/17/1979,Male,Sevilla,133.6403,113,false
7113959075,Meyer,de Clercq,mdeclercqf1@xinhuanet.com,8/1/1947,Male,Barcelona,108.9926,67,false
4121797426,Idaline,Filipowicz,ifilipowiczf2@harvard.edu,11/18/1964,Female,Bilbao,89.9847,96,true
9673172463,Sandor,Yaldren,syaldrenf3@barnesandnoble.com,10/28/1949,Male,Valencia,159.8793,109,false
7090086240,Erastus,Stefi,estefif4@tiny.cc,5/15/1957,Male,Madrid,105.8343,62,true
0412997843,Granger,Couth,gcouthf5@goodreads.com,10/12/1945,Male,Valencia,78.3373,100,true
5822955673,Robinetta,Niesegen,rniesegenf6@chron.com,12/1/1965,Female,Bilbao,144.8376,81,false
,Ashbey,Twell,atwellf7@nih.gov,2/1/1979,,,145.423,66,false
2949009484,Corliss,Pechard,cpechardf8@springer.com,8/30/1950,Female,Bilbao,124.0103,71,false
3955656748,Gran,Schwander,gschwanderf9@dailymail.co.uk,,Male,Bilbao,100.7946,108,true
6433616275,Yolande,Sarchwell,ysarchwellfa@nps.gov,6/16/1974,Female,Bilbao,75.3586,69,true
3588764119,Arther,Stoven,astovenfb@joomla.org,12/30/1957,Male,Sevilla,87.7384,87,false
,Aubert,McKelvie,amckelviefc@mit.edu,6/29/1944,Male,Bilbao,116.5742,66,true
8370285767,Alessandro,Cordery,acorderyfd@oracle.com,9/27/1953,Male,Bilbao,144.7422,108,false
7705951967,Rube,Mark,rmarkfe@mayoclinic.com,6/27/1957,Male,Sevilla,87.2522,96,false
7900487697,Gabbie,Berthelmot,gberthelmotff@1und1.de,4/2/1972,Male,Madrid,125.9914,110,true
8859528658,Raphaela,Metterick,rmetterickfg@simplemachines.org,7/4/1943,Female,Valencia,101.1184,83,false
5875106220,Kassie,Persicke,kpersickefh@live.com,9/19/1958,Female,Madrid,175.4315,86,true
2198972077,Lenore,Veschambre,lveschambrefi@si.edu,8/2/1965,Female,Bilbao,89.7172,81,true
6923679125,Madonna,Daltry,mdaltryfj@uol.com.br,3/11/1970,Female,Barcelona,83.1541,60,false
2955923087,Rustie,Mangeney,rmangeneyfk@slate.com,,Male,Barcelona,150.109,78,true
9179024491,Prudence,Bucktrout,pbucktroutfl@goodreads.com,10/18/1962,Female,Sevilla,76.4288,64,false
9968831700,Coleman,Kynder,ckynderfm@weather.com,8/31/1947,Male,Valencia,126.0554,83,false
8357367453,Quentin,Giovanitti,qgiovanittifn@addthis.com,,Male,Madrid,85.5642,94,true
1839084790,Cully,Posten,cpostenfo@nhs.uk,9/28/1969,Male,Bilbao,175.7296,65,true
0474130398,Ad,Eldredge,aeldredgefp@marketwatch.com,1/19/1950,Male,Barcelona,75.3947,74,true
7972538220,Ban,Felix,bfelixfq@xrea.com,4/7/1949,Male,Madrid,176.3296,86,false
4844702009,Stephenie,Athey,satheyfr@ibm.com,9/10/1965,Female,Barcelona,125.3876,71,true
1061496864,Quent,Spurett,qspurettfs@vkontakte.ru,9/22/1966,Male,Bilbao,172.5083,73,
0027571734,Meade,Gundrey,mgundreyft@examiner.com,2/26/1951,Male,Sevilla,142.3776,115,true
3650196697,Isadore,Sphinxe,isphinxefu@ifeng.com,4/4/1969,Male,Barcelona,102.3886,91,false
4685183711,Basilius,Hebden,bhebdenfv@bravesites.com,1/6/1961,Male,Barcelona,76.7143,77,false
4210937452,Lombard,Pickin,lpickinfw@reuters.com,12/28/1950,Male,Barcelona,163.806,101,false
2743063165,Cory,Pieracci,cpieraccifx@yellowbook.com,4/25/1942,Male,Madrid,134.7056,97,true
3959435363,Irvin,McKeurtan,imckeurtanfy@who.int,10/29/1952,Male,Valencia,176.9369,92,true
4877588582,Abagael,Cater,acaterfz@storify.com,12/16/1945,Female,Madrid,103.3702,76,false
1805188461,Rodi,Dillet,rdilletg0@typepad.com,4/21/1944,Female,Valencia,180.1378,115,false
9420399524,Phillie,Bowring,pbowringg1@joomla.org,11/5/1977,Female,Bilbao,84.2932,62,false
7960772932,Haley,Belding,hbeldingg2@latimes.com,1/30/1945,Male,Barcelona,108.5916,79,true
4232913807,Norrie,Tourne,ntourneg3@berkeley.edu,,Male,Bilbao,95.9627,104,true
6008170598,Bernete,Insall,binsallg4@wsj.com,11/10/1976,Female,Valencia,169.2894,82,true
4753314367,Worthy,Stickells,wstickellsg5@miitbeian.gov.cn,12/30/1959,Male,Barcelona,117.5664,112,false
3732155587,Raphaela,Citrine,rcitrineg6@xinhuanet.com,1/20/1942,Female,Valencia,121.13,116,false
2580632832,Fawnia,Emilien,femilieng7@chron.com,8/14/1975,Female,Valencia,160.2727,108,false
9997168631,Yolanthe,Roderigo,yroderigog8@nature.com,9/24/1945,Female,Madrid,189.9518,103,false
2981465570,Nicol,Volks,nvolksg9@webeden.co.uk,1/9/1974,Female,Madrid,157.2836,91,false
0833531956,Sheelah,Shrieves,sshrievesga@dmoz.org,2/19/1962,Female,Barcelona,185.241,106,false
4339137340,Sigismondo,Lisamore,slisamoregb@vkontakte.ru,10/6/1940,Male,Bilbao,166.2635,75,true
,Sarine,Lovekin,slovekingc@usatoday.com,2/17/1949,Female,Valencia,142.9368,70,false
3752031840,Willabella,Le Sieur,wlesieurgd@furl.net,6/21/1975,Female,Madrid,168.4412,104,false
2224628641,Tove,Pendrid,tpendridge@google.es,1/2/1964,Female,Bilbao,99.9457,82,true
0231664133,Abigale,Tebbitt,atebbittgf@home.pl,9/21/1945,Female,Valencia,173.321,62,true
5680959240,Chuck,Ghio,cghiogg@elpais.com,5/22/1949,Male,Barcelona,176.6052,62,
4154993623,Cassandre,Tilly,ctillygh@irs.gov,7/1/1956,Female,Valencia,78.8173,64,true
6872514949,Dov,Glozman,dglozmangi@nba.com,8/21/1966,Male,Barcelona,132.1633,71,false
7910990111,Albertine,Baelde,abaeldegj@e-recht24.de,3/19/1942,Female,Barcelona,92.663,103,false
6102904141,Miles,Cridlin,mcridlingk@quantcast.com,11/27/1978,Male,Bilbao,110.2106,66,false
5535997064,Brockie,Giraudou,bgiraudougl@fastcompany.com,12/22/1956,Male,Bilbao,188.1939,74,false
1144093090,Marji,Jamson,mjamsongm@seesaa.net,1/4/1972,Female,Bilbao,121.0041,61,false
2592319654,Jacynth,Boscott,jboscottgn@techcrunch.com,11/23/1961,Female,Madrid,95.5453,68,false
7153123970,Alec,Jurkiewicz,ajurkiewiczgo@github.com,1/25/1954,Male,Valencia,141.8778,73,false
2467182908,Siobhan,Grzesiak,sgrzesiakgp@so-net.ne.jp,1/5/1965,Female,Barcelona,91.6205,111,false
8561175648,Dominique,Kelloway,dkellowaygq@wisc.edu,1/4/1952,Female,Valencia,157.3563,71,
3487603624,Veriee,Scoon,vscoongr@indiatimes.com,10/3/1963,Female,Madrid,115.1598,88,false
2702623255,Leslie,Nend,lnendgs@constantcontact.com,6/5/1966,Male,Valencia,92.8639,65,true
4481885351,Delbert,Staddart,dstaddartgt@comcast.net,1/21/1942,Male,Barcelona,94.1383,80,true
6583866978,Kathleen,Pydcock,kpydcockgu@vk.com,11/13/1950,Female,Bilbao,151.178,70,false
9393078793,Ewan,Cullingworth,ecullingworthgv@zdnet.com,2/2/1980,Male,Bilbao,102.6345,106,false
1396856978,Roselin,Lamplough,rlamploughgw@gizmodo.com,2/18/1947,Female,Barcelona,149.6176,88,false
8323198209,Sargent,Gresham,sgreshamgx@unc.edu,2/21/1964,Male,Sevilla,88.6655,113,true
9047308905,Carver,Dentith,cdentithgy@ifeng.com,4/2/1956,Male,Valencia,161.7782,108,true
9938433480,Meggy,Treby,mtrebygz@usnews.com,11/13/1941,Female,Madrid,117.9225,73,false
2677154323,Nolan,Puzey,npuzeyh0@bbc.co.uk,10/5/1943,Male,Valencia,84.1682,63,true
0115356428,Manya,O'Lagen,molagenh1@live.com,6/11/1941,Female,Barcelona,185.6553,70,true
9674093788,Leonhard,Pracy,lpracyh2@techcrunch.com,5/8/1968,Male,Sevilla,161.8488,98,
5284290070,Lind,Baldetti,lbaldettih3@stumbleupon.com,,Female,Barcelona,154.598,70,true
6145536489,Anneliese,Abramovitz,aabramovitzh4@delicious.com,9/7/1960,Female,Madrid,125.9347,100,true
5736793202,Scarface,Barbara,sbarbarah5@uiuc.edu,7/2/1955,Male,Barcelona,132.4706,60,true
3425769332,Luca,Basler,lbaslerh6@bing.com,10/19/1975,Male,Madrid,92.9432,100,false
7522153840,Yard,McEniry,ymceniryh7@jiathis.com,3/23/1948,Male,Sevilla,115.5817,72,true
5084733742,Perry,Wines,pwinesh8@barnesandnoble.com,2/28/1950,Male,Bilbao,165.7824,81,true
8896659558,Isaac,Bewick,ibewickh9@craigslist.org,2/28/1947,Male,Sevilla,94.0213,88,true
5160950818,Nicola,Tesyro,ntesyroha@a8.net,5/31/1977,Male,Madrid,162.6784,68,false
3791664786,Gilbert,Manktelow,gmanktelowhb@indiatimes.com,6/12/1946,Male,Barcelona,114.8078,112,true
1344163319,Stuart,Ivain,sivainhc@indiatimes.com,7/20/1978,,,79.5717,102,true
1112325379,Siusan,Nowill,snowillhd@phpbb.com,5/26/1980,Female,Bilbao,129.4763,101,false
7437971054,Marcelline,Mertsching,mmertschinghe@cdc.gov,5/17/1975,Female,Madrid,168.9521,84,true
2338966961,Sigvard,Labell,slabellhf@marketwatch.com,10/14/1942,,,84.8564,61,false
6148324237,Peter,Garrud,pgarrudhg@businessinsider.com,4/30/1947,Male,Madrid,131.9822,119,false
3490307941,Dulcinea,Dacca,ddaccahh@pcworld.com,8/4/1956,Female,Bilbao,118.0002,115,false
3688338286,Carlie,Dolan,cdolanhi@blogger.com,8/25/1975,Female,Bilbao,96.6958,74,true
2423055765,Eolanda,Goodfellow,egoodfellowhj@berkeley.edu,7/28/1970,Female,Bilbao,135.4602,60,false
4362809899,Englebert,Christophersen,echristophersenhk@ameblo.jp,1/31/1967,Male,Madrid,135.258,63,false
5268438603,Kelley,McWhan,kmcwhanhl@twitter.com,9/30/1967,Male,Valencia,93.8644,108,false
2355882916,Onfre,Alekseev,oalekseevhm@engadget.com,1/9/1944,Male,Valencia,143.1294,61,true
1545793352,Shaun,Lilie,sliliehn@bing.com,5/27/1963,Female,Barcelona,130.2488,74,false
0071171878,Ilario,Ogles,ioglesho@sina.com.cn,6/27/1949,Male,Sevilla,153.3696,87,true
6380156534,Juditha,Valerius,jvaleriushp@facebook.com,5/25/1955,Female,Valencia,98.7965,109,false
5518500645,Leeanne,Mabbs,lmabbshq@youtu.be,8/12/1962,Female,Bilbao,173.7912,83,true
4045619186,Artemas,Creser,acreserhr@java.com,1/26/1954,Male,Valencia,70.3343,114,true
5525483939,Koo,Whittles,kwhittleshs@unc.edu,5/15/1944,Female,Valencia,172.2744,106,true
7011850228,Hilliard,Glabach,hglabachht@opensource.org,10/16/1949,Male,Bilbao,114.4502,71,true
0233810587,Markus,Searight,msearighthu@smh.com.au,10/13/1968,Male,Bilbao,79.3604,108,true
6932319349,Lynn,Ummfrey,lummfreyhv@bizjournals.com,2/19/1942,Male,Bilbao,124.1197,71,true
0603179207,Natty,Huckin,nhuckinhw@infoseek.co.jp,10/13/1976,Female,Valencia,165.7233,80,true
5151235621,Chaddy,Simonds,csimondshx@surveymonkey.com,4/2/1941,Male,Valencia,119.0023,86,false
8831173987,Roxanne,Louch,rlouchhy@last.fm,5/24/1978,Female,Valencia,133.8607,61,true
5204439439,Dosi,Kestian,dkestianhz@umich.edu,10/20/1966,Female,Bilbao,100.3653,100,true
1264577702,Lanny,MacIlurick,lmaciluricki0@biglobe.ne.jp,2/5/1969,Male,Valencia,188.6273,105,
3604153891,Harmonia,Santo,hsantoi1@list-manage.com,7/15/1972,Female,Bilbao,149.1003,116,false
7240034143,Albina,Leddy,aleddyi2@studiopress.com,3/15/1966,Female,Sevilla,149.4509,96,true
7098734462,Barnard,Popplestone,bpopplestonei3@state.tx.us,3/26/1971,Male,Valencia,125.1166,87,false
8409676931,Quinn,Zettoi,qzettoii4@cisco.com,10/14/1961,Male,Barcelona,82.785,83,false
9905198008,Krissie,Loxley,kloxleyi5@homestead.com,5/1/1958,Female,Sevilla,167.7001,76,false
7949949686,Lauretta,Helix,lhelixi6@mlb.com,,Female,Sevilla,94.9102,91,false
4778724577,Willow,Shapiro,wshapiroi7@xrea.com,9/11/1964,Female,Barcelona,83.3654,69,true
9302929752,Nickolaus,Loverock,nloverocki8@dropbox.com,,Male,Valencia,110.1332,80,true
2349532364,Nicolette,Totton,ntottoni9@google.co.uk,6/24/1972,Female,Barcelona,166.2256,101,true
5739538130,Quintana,McGiff,qmcgiffia@sfgate.com,8/22/1980,Female,Barcelona,161.2582,72,true
4826142706,Wolfgang,Gowrie,wgowrieib@reverbnation.com,8/22/1952,Male,Valencia,137.2222,90,false
0886149827,Faber,Lebrun,flebrunic@slideshare.net,4/1/1945,Male,Valencia,114.197,74,true
3823780786,Masha,Hallford,mhallfordid@abc.net.au,11/17/1967,Female,Bilbao,97.9652,86,true
0072607262,Avril,Kubasek,akubasekie@fda.gov,8/13/1963,Female,Bilbao,120.1323,78,false
8522729786,Anjanette,Vautier,avautierif@army.mil,2/23/1959,Female,Sevilla,139.1349,75,false
7829186618,Raddie,Delafoy,rdelafoyig@prnewswire.com,8/7/1946,Male,Sevilla,123.3801,110,false
3750488592,Loella,Galtone,lgaltoneih@booking.com,11/5/1957,Female,Madrid,159.5465,63,true
4082070877,Valaree,Bridgement,vbridgementii@answers.com,1/12/1976,Female,Sevilla,76.0178,114,true
3556693615,Jerry,Brigginshaw,jbrigginshawij@xinhuanet.com,2/4/1961,Female,Barcelona,70.8953,105,true
2473632219,Dasie,Waylett,dwaylettik@paypal.com,4/19/1947,Female,Bilbao,76.049,109,false
7381337363,Catriona,Wilmott,cwilmottil@opensource.org,3/30/1963,Female,Madrid,180.3256,100,false
6478998851,Obie,Bason,obasonim@nba.com,6/22/1979,Male,Sevilla,125.3636,76,false
3964061425,Nappy,Burcombe,nburcombein@indiatimes.com,12/30/1967,Male,Sevilla,136.8485,80,true
9768881496,Broddie,Behneke,bbehnekeio@microsoft.com,7/29/1973,Male,Sevilla,70.5616,66,true
6956365111,Joli,Gabbett,jgabbettip@intel.com,3/7/1967,Female,Sevilla,101.5518,79,false
3870164492,Lanna,Matskevich,lmatskevichiq@bluehost.com,10/27/1980,Female,Sevilla,130.6413,68,true
7988555227,Zacherie,Starrs,zstarrsir@unblog.fr,6/26/1954,Male,Sevilla,180.3663,99,false
9286322402,Emilie,Peverell,epeverellis@pinterest.com,6/13/1948,Female,Barcelona,91.6114,112,false
3296879609,Thibaut,Flarity,tflarityit@uiuc.edu,8/11/1968,Male,Bilbao,111.9456,115,true
9040513201,Virgie,Symmers,vsymmersiu@last.fm,5/12/1978,Male,Barcelona,165.7174,69,true
3825387046,Sammie,Povey,spoveyiv@about.com,10/19/1969,Male,Sevilla,101.9887,68,false
3648729322,Harlie,Di Bernardo,hdibernardoiw@npr.org,11/18/1980,Female,Madrid,103.2166,117,false
6337611616,Bamby,Johantges,bjohantgesix@mozilla.org,7/9/1966,Female,Valencia,72.8406,99,true
2463148225,Petey,Walker,pwalkeriy@cafepress.com,5/14/1949,Male,Valencia,95.9697,82,false
3283332282,Charita,Jelf,cjelfiz@a8.net,6/3/1965,,,94.2837,116,false
4245942770,Broddy,Ritch,britchj0@yolasite.com,8/7/1974,Male,Madrid,85.2382,106,false
2990206787,Arvy,Camilleri,acamillerij1@uol.com.br,9/23/1965,Male,Bilbao,159.5084,65,true
1978452438,Pace,Broddle,pbroddlej2@wunderground.com,1/20/1968,Male,Bilbao,118.6364,110,true
0931948428,Terrance,Filipchikov,tfilipchikovj3@engadget.com,7/5/1971,Male,Barcelona,117.5682,62,true
3083348568,Ronalda,Messer,rmesserj4@skyrock.com,8/24/1973,Female,Madrid,159.7284,113,false
7909057121,Helge,Arkill,harkillj5@youtube.com,6/9/1977,Female,Barcelona,183.8676,87,true
9697182124,Obadias,Brewett,obrewettj6@samsung.com,8/4/1978,Male,Bilbao,170.3434,103,true
1003322239,Adrea,Pretorius,apretoriusj7@omniture.com,4/23/1960,Female,Valencia,72.9524,86,true
7182829185,Terrence,O'Fallon,tofallonj8@woothemes.com,11/22/1962,Male,Barcelona,88.2083,116,false
4304800337,Winnifred,Gorry,wgorryj9@cisco.com,3/24/1946,Female,Barcelona,166.2123,63,true
9528430821,Jim,Duley,jduleyja@cafepress.com,4/26/1947,Male,Valencia,171.4158,113,true
3678848397,Peder,Winckles,pwincklesjb@miibeian.gov.cn,8/20/1968,Male,Valencia,137.088,113,false
0915168235,Hallie,Ponsford,hponsfordjc@1688.com,4/16/1968,Female,Bilbao,72.9331,68,false
8424655214,Guendolen,Wagnerin,gwagnerinjd@wsj.com,6/1/1946,Female,Valencia,79.5805,75,true
7479735642,Ingeborg,Dyke,idykeje@bandcamp.com,12/23/1948,Female,Madrid,185.5578,69,true
0666637458,Max,Dyte,mdytejf@theatlantic.com,2/20/1956,Male,Sevilla,155.7466,99,true
5885335923,Fidela,Aggis,faggisjg@oaic.gov.au,8/6/1942,Female,Madrid,97.7012,80,true
4779786797,Francene,Weatherall,fweatheralljh@youtu.be,8/7/1960,Female,Sevilla,142.4766,66,true
7841285167,Erroll,Fearnill,efearnillji@msn.com,3/31/1949,Male,Valencia,79.6013,107,true
0845509675,Cacilie,Braidon,cbraidonjj@hexun.com,6/8/1953,Female,Barcelona,114.8755,91,false
2471466222,Antonio,Cossom,acossomjk@mapy.cz,3/7/1970,Male,Barcelona,167.2076,114,true
8692346314,Tremayne,Gatsby,tgatsbyjl@xrea.com,6/10/1944,Male,Madrid,96.0411,71,false
3685566016,Cassie,Walton,cwaltonjm@nymag.com,7/21/1973,Male,Valencia,145.5068,70,false
9894457789,Archibald,Habershaw,ahabershawjn@google.co.jp,10/8/1947,Male,Barcelona,94.4007,73,false
6378283249,Roxi,Glyssanne,rglyssannejo@unicef.org,9/30/1955,Female,Sevilla,71.7665,113,false
6097205104,Isaac,Philbrick,iphilbrickjp@youtu.be,9/24/1978,Male,Sevilla,98.9756,92,false
4461888150,Victoria,Kornas,vkornasjq@nsw.gov.au,12/1/1975,Female,Valencia,129.7692,116,true
5786146324,Bartolomeo,Venn,bvennjr@who.int,9/10/1958,Male,Valencia,145.1473,119,false
0021956243,Issie,Dring,idringjs@fotki.com,12/25/1956,Female,Bilbao,166.4558,99,false
7592690225,Esma,Aldridge,ealdridgejt@cpanel.net,,Female,Bilbao,188.9955,103,true
1703837134,Bendite,Hamnet,bhamnetju@ameblo.jp,4/22/1978,Female,Sevilla,154.1934,75,false
6765340335,Vernor,Boddie,vboddiejv@bloglovin.com,8/31/1943,Male,Bilbao,179.7832,107,false
0173252133,Alfy,Tempest,atempestjw@loc.gov,6/26/1952,Male,Madrid,179.1317,64,false
4233917725,Cathryn,Balding,cbaldingjx@ycombinator.com,3/4/1952,Female,Sevilla,137.2886,73,false
6316756992,Ethelbert,Tucsell,etucselljy@artisteer.com,9/26/1962,Male,Madrid,112.4816,119,true
3673340468,Lusa,Giorgione,lgiorgionejz@mediafire.com,2/4/1955,Female,Bilbao,183.7112,66,true
4225621707,Tove,Grigorescu,tgrigorescuk0@npr.org,12/6/1963,Female,Valencia,164.7009,108,true
0189582057,Ardenia,Ellerton,aellertonk1@arstechnica.com,8/17/1977,Female,Bilbao,170.997,89,false
3913660976,Rochella,Cochran,rcochrank2@cbc.ca,5/11/1977,Female,Valencia,91.8992,103,true
0543259412,Witty,Barthod,wbarthodk3@nhs.uk,4/9/1974,Male,Sevilla,169.6853,91,false
7072381740,Levin,Burden,lburdenk4@yahoo.co.jp,12/7/1943,Male,Barcelona,137.0465,60,false
8981216053,Norean,Chance,nchancek5@hao123.com,7/13/1977,Female,Barcelona,122.0275,101,false
7261199133,Frants,Lethbury,flethburyk6@etsy.com,11/2/1942,Male,Madrid,84.9496,108,
7679368147,Rikki,Raden,rradenk7@state.gov,12/3/1959,Male,Madrid,162.9269,90,false
0514540419,Stormi,Bennedick,sbennedickk8@fda.gov,3/19/1954,Female,Sevilla,76.0077,67,true
1505703069,Wolfgang,Dacca,wdaccak9@usda.gov,,Male,Sevilla,183.651,63,true
5805081857,Simonne,Sporle,ssporleka@utexas.edu,5/14/1977,Female,Valencia,185.9416,83,true
8374677201,Powell,Latta,plattakb@vinaora.com,12/21/1947,Male,Bilbao,156.4323,110,true
6673656042,Lezley,Birchenough,lbirchenoughkc@jugem.jp,11/30/1972,Male,Barcelona,105.3311,118,false
8225392426,Noel,Wiffler,nwifflerkd@archive.org,8/23/1970,Male,Valencia,141.1584,112,true
3968337603,Harriette,Bourne,hbourneke@about.com,10/30/1956,Female,Sevilla,163.9951,63,false
2758937298,Fleur,Phillps,fphillpskf@phpbb.com,7/4/1975,Female,Bilbao,95.6401,97,false
8193868854,Melli,Oleszczak,moleszczakkg@msu.edu,2/29/1944,Female,Sevilla,76.1458,91,false
9600965153,Ardyce,Chomley,achomleykh@sbwire.com,10/7/1979,Female,Valencia,150.4452,73,false
8927721691,Jamaal,Ziemke,jziemkeki@trellian.com,8/31/1957,Male,Bilbao,117.9354,88,false
4466528470,Ephrem,Durrans,edurranskj@uol.com.br,12/26/1961,Male,Barcelona,128.493,108,true
9388336771,Manda,Brisson,mbrissonkk@va.gov,7/18/1972,Female,Barcelona,157.2615,71,false
1615739173,Maudie,Doige,mdoigekl@fotki.com,10/20/1943,Female,Barcelona,183.7726,99,false
1036926192,Grayce,Pawlaczyk,gpawlaczykkm@gnu.org,2/6/1969,Female,Madrid,112.4543,81,true
2708163450,Rochelle,Ebbitt,rebbittkn@blinklist.com,11/20/1961,Female,Barcelona,113.0032,115,false
2726837190,Bethina,Winslet,bwinsletko@statcounter.com,2/10/1961,Female,Bilbao,98.6441,112,true
3488004589,Clementius,Lindermann,clindermannkp@prweb.com,2/26/1957,Male,Barcelona,148.0923,97,false
4169952928,Betteanne,Assur,bassurkq@creativecommons.org,,Female,Bilbao,161.6341,109,false
7027492385,Brigg,Remon,bremonkr@cafepress.com,6/28/1957,Male,Bilbao,92.7824,91,true
1264607946,Netti,Manginot,nmanginotks@bbb.org,4/18/1951,Female,Valencia,173.0925,115,true
5058589885,Desmund,Linder,dlinderkt@topsy.com,4/10/1943,Male,Valencia,111.905,75,false
7418669240,Samuele,Kenninghan,skenninghanku@about.com,1/19/1975,Male,Bilbao,103.2068,73,false
9626185635,Corissa,Meardon,cmeardonkv@shareasale.com,8/9/1972,Female,Valencia,77.8356,95,true
6779656526,Joelie,Ivic,jivickw@army.mil,3/7/1949,Female,Madrid,95.9073,116,true
0869633902,Melva,Chevin,mchevinkx@goodreads.com,12/28/1950,Female,Bilbao,142.0862,111,true
5897516294,Anatol,Blowers,ablowersky@cnbc.com,12/4/1960,Male,Bilbao,114.0915,103,true
6757256312,Kermy,McClunaghan,kmcclunaghankz@live.com,9/9/1960,Male,Valencia,127.777,114,false
7720584783,Lory,Keunemann,lkeunemannl0@networksolutions.com,7/7/1943,Female,Bilbao,188.0868,90,false
5104379310,Chick,Abby,cabbyl1@springer.com,1/31/1975,Male,Sevilla,157.3957,62,false
7314571929,Mirabella,Eamer,meamerl2@ed.gov,4/23/1956,Female,Barcelona,154.5919,120,true
5235261003,Clarisse,Eakeley,ceakeleyl3@goo.gl,11/9/1950,Female,Barcelona,101.7069,76,true
6955871536,Vladimir,Gammons,vgammonsl4@home.pl,8/8/1944,Male,Sevilla,72.27,88,true
5290404120,Alex,Atwool,aatwooll5@techcrunch.com,5/26/1966,Female,Valencia,130.0156,120,false
1863437649,Doti,Joules,djoulesl6@utexas.edu,,Female,Valencia,177.583,116,false
7915408003,Felix,Endrighi,fendrighil7@yahoo.co.jp,7/2/1960,Male,Sevilla,143.3872,69,true
8315955926,Clemence,Minget,cmingetl8@utexas.edu,8/18/1949,Female,Valencia,70.1899,105,true
6198943127,Jorge,Talloe,jtalloel9@ycombinator.com,3/4/1980,Male,Barcelona,87.6661,79,true
3122697378,Percy,Hassett,phassettla@alexa.com,4/29/1977,Male,Barcelona,116.2411,61,true
5710434574,Isidoro,Coakley,icoakleylb@deviantart.com,11/12/1976,Male,Barcelona,96.3573,107,false
6180708207,Darlleen,Loyd,dloydlc@techcrunch.com,11/3/1947,Female,Sevilla,126.2673,65,
5979686363,Raimondo,Avrahamof,ravrahamofld@goo.gl,9/2/1955,Male,Sevilla,118.1122,95,false
3447759003,Falito,Bossons,fbossonsle@cornell.edu,4/18/1954,Male,Sevilla,110.8439,72,false
2729992863,Alan,Danilchik,adanilchiklf@google.com.au,7/16/1967,Male,Bilbao,164.2298,97,true
7505240501,Angeli,Ecclesall,aecclesalllg@rambler.ru,4/27/1948,Male,Sevilla,165.2523,107,false
2067310232,Salvador,Cossor,scossorlh@ftc.gov,11/10/1967,Male,Sevilla,88.0958,76,true
4948357979,Rance,De Winton,rdewintonli@fema.gov,7/29/1980,Male,Bilbao,140.4148,92,true
3695463570,Dari,Rizzone,drizzonelj@gizmodo.com,3/5/1948,Female,Bilbao,160.8001,89,true
1798238489,Eddy,Pittford,epittfordlk@youtu.be,3/9/1971,Male,Bilbao,184.9109,106,false
2917111070,Isiahi,Kippax,ikippaxll@mapy.cz,4/15/1966,Male,Madrid,159.6391,64,false
9458550963,Bertina,Jenks,bjenkslm@ifeng.com,9/28/1946,Female,Madrid,142.38,69,true
6723250575,Missie,Colter,mcolterln@jimdo.com,12/15/1956,Female,Sevilla,111.1536,95,false
1665853182,Lauren,Prandin,lprandinlo@tumblr.com,8/9/1963,Male,Sevilla,120.9719,79,true
1785026127,Clevey,Worsall,cworsalllp@netscape.com,12/18/1940,Male,Barcelona,110.6652,94,false
4546955014,Terencio,Keith,tkeithlq@imdb.com,2/3/1967,Male,Madrid,177.7571,62,false
8463692982,Eldin,Trussell,etrusselllr@bluehost.com,2/1/1957,Male,Barcelona,100.2935,79,true
5175174223,Leonardo,Rubinowicz,lrubinowiczls@indiegogo.com,,Male,Madrid,149.8713,72,true
6866350271,Lela,Stapylton,lstapyltonlt@lulu.com,10/4/1968,Female,Sevilla,96.1199,87,true
9719073500,Markos,Louiset,mlouisetlu@tripadvisor.com,7/5/1945,Male,Barcelona,157.1911,72,false
6804784278,Kissee,McIlwraith,kmcilwraithlv@bravesites.com,8/21/1962,Female,Madrid,150.8461,98,false
0812201035,Salem,Burbank,sburbanklw@drupal.org,2/7/1980,Male,Madrid,187.5527,78,
1135845263,Dode,Pearcehouse,dpearcehouselx@amazon.de,7/22/1973,Female,Sevilla,152.6199,78,true
3915559792,Maris,Hofer,mhoferly@discovery.com,7/20/1946,Female,Barcelona,134.9853,84,false
1784184128,Misti,Stannett,mstannettlz@tinypic.com,1/22/1967,Female,Madrid,141.9797,80,
2959176537,Terra,Stamp,tstampm0@youtu.be,11/4/1956,Female,Barcelona,87.4171,84,true
0887923917,Dyanne,Mickleborough,dmickleboroughm1@mozilla.com,3/15/1962,Female,Madrid,85.4872,115,true
,Darrick,Rispen,drispenm2@tripod.com,5/19/1974,Male,Sevilla,171.2492,99,false
7438802833,Meryl,Le land,mlelandm3@bigcartel.com,6/24/1979,Male,Barcelona,96.8281,117,true
0410467480,Stu,Ceresa,sceresam4@spotify.com,3/8/1949,Male,Valencia,156.6185,64,true
4457189499,Grannie,Kyrkeman,gkyrkemanm5@taobao.com,1/14/1976,Male,Madrid,182.9602,116,false
9473209738,Alwin,Jarmain,ajarmainm6@pagesperso-orange.fr,6/11/1971,Male,Bilbao,102.3991,101,true
6787366671,Averill,Nappin,anappinm7@symantec.com,12/9/1962,Male,Sevilla,78.0371,67,true
0575781882,Nevins,Featenby,nfeatenbym8@t-online.de,11/23/1958,Male,Barcelona,132.7479,104,false
0116046619,Thomasa,Rambadt,trambadtm9@hostgator.com,11/4/1956,Female,Valencia,85.0147,60,false
8387550361,Dorolice,Melsom,dmelsomma@va.gov,3/23/1966,Female,Madrid,83.8813,85,false
2683480741,Judith,Armytage,jarmytagemb@psu.edu,11/15/1954,Female,Madrid,125.5477,92,false
0467449112,Fax,Sonley,fsonleymc@nbcnews.com,5/21/1978,Male,Valencia,182.9931,83,
8844087839,Bradley,Hurdidge,bhurdidgemd@hp.com,6/8/1978,Male,Sevilla,131.7556,61,false
5555200781,Erick,Hek,ehekme@xrea.com,12/5/1961,Male,Barcelona,93.2183,117,true
4213078809,Kerianne,Cavnor,kcavnormf@squidoo.com,2/15/1971,Female,Sevilla,74.4973,99,false
0967184274,Fax,Klaff,fklaffmg@apple.com,6/18/1962,Male,Bilbao,122.1269,106,false
9046814327,Randie,Mitchelson,rmitchelsonmh@fema.gov,2/25/1971,Female,Valencia,184.2017,63,false
2898162795,Kristofer,Ivasechko,kivasechkomi@ow.ly,3/11/1972,Male,Valencia,174.3996,67,false
8060681524,Magdaia,McDuffie,mmcduffiemj@mtv.com,12/3/1950,Female,Bilbao,163.288,62,true
0020369123,Ranna,Deare,rdearemk@state.tx.us,9/14/1945,Female,Sevilla,84.3825,116,true
8480943947,Chloris,Wittleton,cwittletonml@w3.org,3/12/1972,Female,Barcelona,170.175,73,true
3038139998,Cynthea,Weymouth,cweymouthmm@flickr.com,9/24/1968,Female,Bilbao,188.2713,99,false
0955167736,Brittani,Carrigan,bcarriganmn@bandcamp.com,10/19/1941,Female,Barcelona,150.4193,80,true
7828260687,Dane,Clipson,dclipsonmo@reuters.com,9/4/1961,Male,Valencia,169.6943,96,true
7627548543,Tammy,Wiley,twileymp@angelfire.com,9/24/1972,Female,Madrid,84.8729,73,true
4354953021,Moise,MacKill,mmackillmq@weibo.com,8/8/1950,Male,Sevilla,122.7262,92,true
4560994382,Olga,Aspinell,oaspinellmr@exblog.jp,7/29/1956,Female,Bilbao,159.9979,72,false
9864803573,Jocko,Drinan,jdrinanms@live.com,4/2/1978,Male,Bilbao,180.2487,60,true
3994230721,Gale,Huburn,ghuburnmt@amazon.co.jp,11/22/1952,Male,Bilbao,92.9207,105,false
8435806693,Elwyn,MacMorland,emacmorlandmu@techcrunch.com,2/20/1968,Male,Valencia,71.9725,67,true
0822046385,Wilow,Kield,wkieldmv@tmall.com,9/26/1961,Female,Sevilla,151.0518,91,true
6243046354,Daphene,Grinsdale,dgrinsdalemw@google.com.hk,8/2/1976,Female,Bilbao,89.6693,119,true
6493098149,Conrado,Dearl,cdearlmx@amazonaws.com,1/20/1950,Male,Madrid,160.0851,105,true
7581568032,Harri,Edward,hedwardmy@diigo.com,12/27/1964,Female,Barcelona,155.7535,100,true
7420005532,Bard,Romera,bromeramz@feedburner.com,6/12/1953,Male,Valencia,138.1016,78,false
6098197784,Paxon,Gripton,pgriptonn0@yelp.com,1/20/1945,Male,Madrid,155.0434,120,false
6480160649,Janeta,Kerbler,jkerblern1@hatena.ne.jp,3/9/1979,Female,Barcelona,95.1529,118,true
3233525346,Vannie,Tumini,vtuminin2@hexun.com,9/4/1948,,,165.1174,66,
0642071373,Elisha,McMurthy,emcmurthyn3@google.com.au,7/26/1963,Male,Bilbao,101.3507,79,false
5703123607,Niccolo,Jancic,njancicn4@cisco.com,1/30/1945,Male,Valencia,127.5167,118,true
6327369863,Malory,Fraschetti,mfraschettin5@gov.uk,10/14/1964,Female,Barcelona,138.4121,81,false
2579702016,Winni,Monini,wmoninin6@newsvine.com,9/24/1952,Female,Madrid,122.7299,67,false
3868149414,Taddeo,Petracci,tpetraccin7@admin.ch,3/6/1972,Male,Bilbao,100.3012,71,true
1102012572,Whitaker,Rilton,wriltonn8@tmall.com,12/31/1960,Male,Valencia,173.8867,98,true
7513074089,Hercules,Rosier,hrosiern9@ning.com,3/26/1978,Male,Bilbao,122.4525,116,true
6935089166,Eben,Jorioz,ejoriozna@mlb.com,5/29/1953,Male,Valencia,138.4784,67,true
1142856259,Belicia,Victor,bvictornb@ucla.edu,11/6/1949,Female,Bilbao,72.5307,87,false
6421250556,Gretta,Gurnee,ggurneenc@hubpages.com,1/30/1955,Female,Valencia,131.4933,65,false
7681083650,Harwilll,Jakel,hjakelnd@time.com,2/27/1976,Male,Sevilla,82.0809,97,false
2183726903,Padriac,Brockie,pbrockiene@wunderground.com,2/12/1980,Male,Sevilla,165.8189,116,true
3124145127,Pall,Pairpoint,ppairpointnf@epa.gov,3/11/1966,Male,Barcelona,114.7552,62,false
5477933518,Griffie,Littley,glittleyng@vinaora.com,5/22/1954,Male,Bilbao,162.9421,65,true
0387399704,Antoinette,Kasbye,akasbyenh@freewebs.com,5/26/1941,Female,Barcelona,109.9562,85,false
6785265479,Stacia,Romushkin,sromushkinni@state.gov,10/10/1979,Female,Madrid,156.0177,70,true
4662106656,Elnar,Gentil,egentilnj@geocities.com,5/8/1963,Male,Sevilla,92.1631,82,true
5450775474,Kilian,Von Der Empten,kvonderemptennk@quantcast.com,6/16/1946,Male,Sevilla,124.2038,67,
3993264401,Fedora,Burdytt,fburdyttnl@indiatimes.com,3/2/1973,Female,Bilbao,93.0255,88,false
5408494128,Kara,Tarbet,ktarbetnm@vistaprint.com,,Female,Bilbao,82.8455,80,false
7436571575,Brent,Sissland,bsisslandnn@behance.net,1/3/1962,Male,Sevilla,133.2883,99,false
9955690836,Ardys,Mechell,amechellno@example.com,9/24/1952,Female,Sevilla,138.3859,102,true
4740775093,Robin,Kesby,rkesbynp@yellowbook.com,9/14/1964,Male,Barcelona,79.8286,70,false
3944276507,Eulalie,Jandel,ejandelnq@example.com,3/20/1963,Female,Barcelona,75.9853,120,true
3970866219,Kalil,Hilley,khilleynr@army.mil,,Male,Barcelona,142.1873,114,true
0066801826,Shep,Biggen,sbiggenns@ocn.ne.jp,1/14/1958,Male,Valencia,169.984,106,false
1266077855,Brynna,Weale,bwealent@simplemachines.org,3/3/1959,Female,Bilbao,125.6044,87,false
9319402337,Emmi,Truluck,etrulucknu@ycombinator.com,12/3/1965,Female,Sevilla,179.8983,66,false
4143928884,Cyrill,Howsley,chowsleynv@google.fr,7/27/1970,Male,Valencia,89.2671,65,false
1028076401,Georgena,Charnick,gcharnicknw@tuttocitta.it,2/10/1972,Female,Bilbao,91.0115,62,true
7330388343,Mahmoud,Penburton,mpenburtonnx@slideshare.net,12/23/1969,Male,Madrid,174.0327,87,false
2095888227,Davin,Pinxton,dpinxtonny@reuters.com,8/23/1947,Male,Valencia,187.9677,100,
4397525331,Rawley,Bergen,rbergennz@instagram.com,11/30/1943,Male,Sevilla,141.0102,96,true
0906582814,Wendel,Chessum,wchessumo0@forbes.com,,Male,Madrid,175.5399,86,true
1762322382,Beck,Paxforde,bpaxfordeo1@domainmarket.com,6/19/1952,Male,Sevilla,155.7457,93,true
9062813232,Garret,Daleman,gdalemano2@si.edu,10/7/1941,Male,Madrid,122.6768,88,false
0318770199,Beverley,Timothy,btimothyo3@omniture.com,6/15/1965,Female,Valencia,73.709,109,true
1976005140,Christoforo,Clemow,cclemowo4@delicious.com,5/26/1950,Male,Barcelona,129.2149,94,false
2616311437,Jasen,Antao,jantaoo5@umich.edu,3/24/1963,Male,Barcelona,90.4423,85,true
,Blinni,Darte,bdarteo6@shareasale.com,7/5/1971,Female,Sevilla,134.0938,67,false
6561583019,Goran,McCandie,gmccandieo7@ifeng.com,3/2/1976,Male,Valencia,176.4936,67,true
3104364656,Welby,Chessil,wchessilo8@w3.org,9/8/1948,Male,Sevilla,105.0292,82,false
4319431731,Aguie,Hurworth,ahurwortho9@purevolume.com,10/23/1961,Male,Barcelona,118.7823,95,false
7662707962,Gipsy,Matoshin,gmatoshinoa@quantcast.com,7/6/1943,Female,Bilbao,173.2383,97,false
2515917704,Samson,Haly,shalyob@nature.com,12/11/1945,Male,Madrid,112.5085,100,false
4934126473,Christoforo,Swayton,cswaytonoc@comcast.net,4/13/1964,Male,Sevilla,127.6869,90,true
0580268020,Kristopher,O'Hickey,kohickeyod@cmu.edu,6/2/1950,Male,Barcelona,121.1525,84,true
2281732177,Carlynn,Lowdwell,clowdwelloe@com.com,10/30/1968,Female,Madrid,129.6326,109,false
6301659287,Rock,Swanton,rswantonof@arizona.edu,7/23/1975,Male,Bilbao,111.1597,73,false
1609340027,Wells,Nucciotti,wnucciottiog@typepad.com,9/9/1957,Male,Sevilla,179.6076,114,false
4085594613,Hurlee,Mayall,hmayalloh@fema.gov,12/31/1953,Male,Bilbao,113.6194,111,true
4679248866,Malanie,Tudhope,mtudhopeoi@lycos.com,10/20/1941,Female,Madrid,123.2531,75,false
7501194769,Rafaellle,Faunch,rfaunchoj@bbb.org,,Male,Sevilla,150.5571,76,false
1952713285,Winfield,Craythorn,wcraythornok@pinterest.com,10/17/1966,Male,Barcelona,163.4973,118,false
3887420306,Katharyn,Lantry,klantryol@ocn.ne.jp,6/28/1978,Female,Madrid,150.9945,75,false
3794924223,Olia,Fessler,ofesslerom@1688.com,4/13/1951,Female,Madrid,121.4535,108,true
0811020746,Phedra,Garioch,pgariochon@army.mil,12/30/1957,Female,Barcelona,103.5303,86,true
6317073732,Jordan,Trevorrow,jtrevorrowoo@netscape.com,5/1/1954,Male,Madrid,150.5497,107,
2228625558,Ray,King,rkingop@webeden.co.uk,8/2/1972,Male,Madrid,160.6053,83,false
9133826196,Kristos,Ingamells,kingamellsoq@chron.com,12/27/1957,Male,Madrid,94.9577,92,true
1112441794,Patricia,Futcher,pfutcheror@lycos.com,10/21/1980,Female,Bilbao,84.5824,120,false
0723537968,Harbert,Carr,hcarros@mapquest.com,10/30/1972,Male,Bilbao,126.9614,106,true
3532412845,Brendan,Bricksey,bbrickseyot@ning.com,5/21/1976,Male,Barcelona,140.6804,100,false
3318428698,Josefa,Bridgens,jbridgensou@disqus.com,6/1/1976,Female,Valencia,97.3972,105,true
4799708392,Ignacio,Line,ilineov@lycos.com,5/18/1944,Male,Sevilla,150.3445,115,false
5022904721,Donnajean,Rycraft,drycraftow@about.com,6/6/1948,Female,Sevilla,189.303,67,false
2096029120,Jackquelin,Yegorchenkov,jyegorchenkovox@timesonline.co.uk,8/1/1948,Female,Valencia,81.5241,63,false
3696362638,Gib,Gaskill,ggaskilloy@deviantart.com,9/28/1972,Male,Sevilla,106.2654,93,true
8760918896,Barbee,Forsyth,bforsythoz@pagesperso-orange.fr,3/31/1963,Female,Bilbao,96.0896,101,true
3328142266,Angeline,Cocci,acoccip0@gnu.org,3/1/1952,Female,Barcelona,112.2592,112,true
7484028266,Brenden,Gostyke,bgostykep1@jugem.jp,6/5/1976,Male,Sevilla,88.229,115,false
7865514301,Hulda,Tweddle,htweddlep2@stumbleupon.com,1/23/1979,Female,Valencia,84.4712,98,true
8014243897,Lou,Nolte,lnoltep3@baidu.com,2/4/1954,Male,Valencia,178.3739,111,true
6976329676,Dottie,Lowndesbrough,dlowndesbroughp4@yolasite.com,8/29/1958,Female,Sevilla,93.8819,97,true
1423562593,Lidia,Stenyng,lstenyngp5@youtube.com,2/10/1961,Female,Barcelona,189.8283,63,true
7601260607,Madalyn,Offer,mofferp6@usnews.com,2/4/1950,Female,Madrid,130.9263,80,false
1537189417,Tamas,Latek,tlatekp7@webnode.com,11/1/1944,Male,Valencia,172.3907,88,false
7768513371,Granthem,Gabb,ggabbp8@cbslocal.com,7/4/1955,Male,Valencia,140.1104,110,false
2115497538,Deana,Crockett,dcrockettp9@cmu.edu,10/31/1967,Female,Barcelona,76.2547,113,false
4557701620,Edeline,Corke,ecorkepa@zdnet.com,10/22/1951,Female,Bilbao,126.1761,76,false
3293962505,Florance,Hake,fhakepb@opera.com,11/3/1941,Female,Sevilla,144.4589,97,false
7925284900,Pepi,Bartolacci,pbartolaccipc@list-manage.com,1/12/1947,Female,Bilbao,87.8832,117,true
0420065814,Hughie,Colam,hcolampd@mayoclinic.com,11/16/1969,Male,Valencia,162.8098,62,true
1877015865,Meyer,Glanville,mglanvillepe@slashdot.org,5/6/1962,Male,Madrid,134.3783,102,false
8640828520,Hube,Gasken,hgaskenpf@walmart.com,11/22/1961,Male,Valencia,136.4166,106,false
7891075034,Donny,Mephan,dmephanpg@wikimedia.org,,Male,Bilbao,121.129,98,true
2097346391,Orrin,Sheal,oshealph@4shared.com,12/22/1971,,,104.5718,67,false
2651582859,Jerry,Underhill,junderhillpi@weibo.com,10/20/1959,Male,Barcelona,189.9009,102,false
2944054724,Guss,Dunderdale,gdunderdalepj@slashdot.org,2/19/1976,Male,Madrid,78.4582,82,true
2619949807,Beverley,Gillmore,bgillmorepk@i2i.jp,11/4/1963,Female,Sevilla,144.2739,71,true
4782433905,Deeanne,Wyche,dwychepl@nhs.uk,1/25/1964,Female,Sevilla,181.2863,116,false
4119397785,Hogan,Peatman,hpeatmanpm@blogspot.com,12/22/1966,Male,Bilbao,155.0819,118,true
0411489259,Vite,Schwartz,vschwartzpn@phoca.cz,8/19/1956,Male,Bilbao,119.3808,93,false
1943518653,Norrie,Woller,nwollerpo@woothemes.com,2/25/1973,Male,Sevilla,85.7853,109,false
4231412316,Emilie,Onyon,eonyonpp@vimeo.com,7/13/1941,Female,Valencia,89.1199,80,false
2649769904,Micaela,Grenshiels,mgrenshielspq@rambler.ru,8/27/1942,Female,Madrid,91.3902,83,true
1120272351,Ruby,Ackenson,rackensonpr@nymag.com,6/23/1970,Male,Sevilla,126.1366,106,true
2165813905,Aggie,Tattersdill,atattersdillps@oakley.com,2/19/1964,Female,Bilbao,174.2828,101,false
9653166808,Skipton,Curnnokk,scurnnokkpt@i2i.jp,7/17/1949,Male,Sevilla,136.6624,68,false
6907769344,Shae,Haveline,shavelinepu@soundcloud.com,,Male,Bilbao,74.8108,100,true
3837496759,Gonzales,Castella,gcastellapv@odnoklassniki.ru,10/31/1971,Male,Barcelona,82.0158,94,false
5940077900,Micky,Shalcros,mshalcrospw@angelfire.com,5/28/1954,Male,Bilbao,94.2918,75,false
3551596824,Chance,Hubble,chubblepx@newsvine.com,,Male,Barcelona,184.3408,115,true
6302810108,Alva,Devas,adevaspy@dailymotion.com,4/30/1943,Male,Valencia,102.6371,104,true
4209527521,Emlynne,Gilbert,egilbertpz@last.fm,4/29/1940,Female,Bilbao,71.3407,85,true
4447373394,Giacopo,Nelthorp,gnelthorpq0@phpbb.com,6/6/1966,Male,Barcelona,137.4576,60,false
0979144434,Eldridge,Coady,ecoadyq1@yahoo.com,8/7/1976,Male,Valencia,122.2662,77,true
8013507033,Milicent,Lange,mlangeq2@dagondesign.com,,Female,Valencia,123.6326,66,false
2336750015,Jacky,Hearnden,jhearndenq3@youku.com,2/1/1975,Male,Barcelona,115.1237,103,false
4065808413,Ange,Melrose,amelroseq4@plala.or.jp,11/29/1967,Male,Sevilla,158.9428,92,true
5111380485,Jarrett,Burbury,jburburyq5@amazonaws.com,5/28/1940,Male,Bilbao,92.0004,102,false
8387333581,Hart,Karlicek,hkarlicekq6@oracle.com,8/1/1962,Male,Valencia,131.5929,62,true
6366392730,Joshuah,Maddick,jmaddickq7@spiegel.de,5/9/1962,Male,Barcelona,145.4868,93,true
0187870772,Dominick,Tather,dtatherq8@java.com,11/9/1955,Male,Madrid,96.6356,63,true
6699316478,Cammy,Monroe,cmonroeq9@istockphoto.com,5/23/1967,Female,Barcelona,103.3288,92,false
6297414726,Earl,Piken,epikenqa@digg.com,4/7/1949,Male,Valencia,184.4217,74,false
5304117085,Lillian,Swedeland,lswedelandqb@cdbaby.com,11/21/1957,Female,Bilbao,78.9307,105,false
1383233411,Rosalind,Matley,rmatleyqc@foxnews.com,3/22/1977,Female,Sevilla,101.8016,92,false
2756275573,Annabel,Lohde,alohdeqd@bing.com,11/29/1951,Female,Valencia,158.8683,65,true
1576549275,Kiley,Bugden,kbugdenqe@mlb.com,3/13/1950,Male,Valencia,177.9835,88,false
7215799174,Jeremy,Ascrofte,jascrofteqf@cnet.com,8/6/1952,Male,Valencia,180.6471,72,true
1087982677,Rhona,Buckingham,rbuckinghamqg@theglobeandmail.com,4/10/1954,Female,Barcelona,167.5799,87,false
4198943427,Hank,Leander,hleanderqh@goodreads.com,3/26/1947,Male,Bilbao,187.8334,97,true
6003408219,Jamima,Kesterton,jkestertonqi@oakley.com,8/30/1954,Female,Madrid,177.0114,99,true
1412139597,Brockie,Ivanitsa,bivanitsaqj@pen.io,9/14/1942,Male,Valencia,107.3457,110,true
,Harry,Barbosa,hbarbosaqk@imdb.com,9/20/1968,Male,Bilbao,91.1939,95,true
1770030999,Pryce,Arlett,parlettql@wunderground.com,5/22/1967,Male,Barcelona,182.3434,83,true
0268055742,Raynard,Noirel,rnoirelqm@infoseek.co.jp,7/24/1974,Male,Sevilla,76.2297,101,false
9037519679,Jacquie,Musson,jmussonqn@accuweather.com,1/23/1977,Female,Valencia,140.5429,68,true
0751431923,Lexie,Boik,lboikqo@sogou.com,6/25/1976,Female,Sevilla,132.0674,61,true
6776324891,Korie,Wickwarth,kwickwarthqp@drupal.org,4/3/1961,Female,Valencia,156.0856,85,false
4950943294,Taddeusz,World,tworldqq@de.vu,12/31/1958,,,79.0031,115,false
7911067082,Armand,Wombwell,awombwellqr@unicef.org,8/26/1960,Male,Valencia,108.8367,105,true
1169134580,Douglass,Chuck,dchuckqs@mashable.com,10/5/1961,Male,Barcelona,118.1922,117,true
6510675102,Brandie,Liles,blilesqt@who.int,5/24/1974,Female,Bilbao,134.1988,64,false
1829987461,Kean,Botha,kbothaqu@smh.com.au,2/16/1950,Male,Sevilla,134.4853,111,false
3109704137,Hermina,Staning,hstaningqv@cpanel.net,5/14/1956,Female,Madrid,118.1535,79,false
0049081462,Randie,Girk,rgirkqw@soup.io,11/11/1959,Male,Sevilla,70.1801,67,true
5349421697,Leeland,Keary,lkearyqx@narod.ru,11/17/1965,Male,Bilbao,182.9519,79,true
3293187900,Kenn,Rosle,krosleqy@wix.com,1/31/1978,Male,Barcelona,111.4361,77,false
6955768662,Boycey,Zywicki,bzywickiqz@blogtalkradio.com,8/24/1955,Male,Sevilla,153.0739,76,false
3251776274,Gonzalo,Sanger,gsangerr0@com.com,5/29/1953,Male,Valencia,145.1009,64,false
0089299884,Tani,Bownass,tbownassr1@ucoz.ru,10/4/1960,Female,Barcelona,123.0506,89,true
7183734994,Eachelle,Badcock,ebadcockr2@wikipedia.org,10/30/1956,Female,Barcelona,156.0039,63,true
2180738684,Abbott,Dawtry,adawtryr3@imdb.com,4/15/1941,Male,Barcelona,172.6762,81,true
6637985821,Brooks,Scammonden,bscammondenr4@weibo.com,3/1/1942,Female,Sevilla,111.6382,103,false
7994543693,Alyssa,Robyns,arobynsr5@netscape.com,7/26/1949,Female,Valencia,72.9026,115,false
6480060024,Waylan,Zmitrichenko,wzmitrichenkor6@youtu.be,2/20/1970,Male,Valencia,73.0195,76,true
3139301987,Ernestus,MacKeig,emackeigr7@woothemes.com,2/27/1975,Male,Sevilla,125.379,80,true
4816577521,Sheena,Tarrant,starrantr8@sciencedaily.com,10/23/1948,Female,Valencia,100.5236,76,false
3129603522,Kimberli,McBain,kmcbainr9@example.com,10/19/1964,Female,Madrid,72.2879,87,true
7379160192,Caryl,Orange,corangera@examiner.com,,Female,Valencia,169.091,66,true
7518232863,Matthiew,Fullalove,mfullaloverb@cnbc.com,10/4/1944,Male,Madrid,125.0232,66,false
8158117376,Sean,Gunney,sgunneyrc@nature.com,1/11/1979,Female,Barcelona,170.7788,100,true
9948052560,Aliza,Hembrow,ahembrowrd@paypal.com,8/15/1975,Female,Barcelona,93.3995,66,false
0388945028,Giffard,Erbe,gerbere@ted.com,5/8/1945,Male,Madrid,173.508,89,true
2665494396,Aleen,Oakhill,aoakhillrf@friendfeed.com,3/16/1957,Female,Madrid,123.331,68,false
7043059100,Kevon,Seally,kseallyrg@oakley.com,11/21/1960,Male,Valencia,130.7107,87,false
9911474380,Ado,Mc Carrick,amccarrickrh@foxnews.com,6/15/1947,Male,Barcelona,169.0649,87,true
3518049267,Garald,Loney,gloneyri@pcworld.com,6/8/1946,,,141.6948,91,false
7589779776,Kerwinn,Bathowe,kbathowerj@yahoo.co.jp,12/16/1952,Male,Madrid,76.3922,101,false
0100318118,Fitzgerald,Poutress,fpoutressrk@over-blog.com,11/3/1974,Male,Sevilla,168.6458,115,false
3527741763,Lewiss,Darby,ldarbyrl@gravatar.com,9/22/1954,Male,Madrid,101.7345,114,false
4200659484,Ardisj,White,awhiterm@exblog.jp,,Female,Valencia,142.6313,85,false
7594583949,Jodie,Kettell,jkettellrn@51.la,4/15/1971,Female,Bilbao,159.5298,109,false
3137478030,Farrell,Bartolommeo,fbartolommeoro@about.me,6/21/1980,Male,Madrid,122.031,70,false
2153735599,Palmer,Faulconbridge,pfaulconbridgerp@mayoclinic.com,4/1/1958,Male,Valencia,168.5545,69,false
3228227073,Antonetta,Joncic,ajoncicrq@patch.com,5/31/1942,Female,Valencia,130.466,105,true
6745329492,Celestyn,Wanell,cwanellrr@weather.com,10/26/1943,Female,Bilbao,147.2112,65,false
